/*
 Navicat Premium Dump SQL

 Source Server         : mysql
 Source Server Type    : MySQL
 Source Server Version : 50744 (5.7.44-log)
 Source Host           : localhost:3306
 Source Schema         : football_forecast

 Target Server Type    : MySQL
 Target Server Version : 50744 (5.7.44-log)
 File Encoding         : 65001

 Date: 07/06/2026 18:35:10
*/

SET NAMES utf8mb4;
SET FOREIGN_KEY_CHECKS = 0;

-- ----------------------------
-- Table structure for crawler_matches
-- ----------------------------
DROP TABLE IF EXISTS `crawler_matches`;
CREATE TABLE `crawler_matches`  (
  `id` bigint(20) NOT NULL AUTO_INCREMENT COMMENT '主键ID',
  `external_match_id` varchar(64) CHARACTER SET utf8mb4 COLLATE utf8mb4_unicode_ci NULL DEFAULT NULL COMMENT '第三方平台比赛ID',
  `league_name` varchar(100) CHARACTER SET utf8mb4 COLLATE utf8mb4_unicode_ci NULL DEFAULT NULL COMMENT '联赛名称',
  `league_id` varchar(32) CHARACTER SET utf8mb4 COLLATE utf8mb4_unicode_ci NULL DEFAULT NULL COMMENT '联赛ID',
  `home_team_name` varchar(100) CHARACTER SET utf8mb4 COLLATE utf8mb4_unicode_ci NULL DEFAULT NULL COMMENT '主队名称',
  `home_team_id` varchar(32) CHARACTER SET utf8mb4 COLLATE utf8mb4_unicode_ci NULL DEFAULT NULL COMMENT '主队ID',
  `home_team_logo` varchar(500) CHARACTER SET utf8mb4 COLLATE utf8mb4_unicode_ci NULL DEFAULT NULL COMMENT '主队Logo',
  `away_team_name` varchar(100) CHARACTER SET utf8mb4 COLLATE utf8mb4_unicode_ci NULL DEFAULT NULL COMMENT '客队名称',
  `away_team_id` varchar(32) CHARACTER SET utf8mb4 COLLATE utf8mb4_unicode_ci NULL DEFAULT NULL COMMENT '客队ID',
  `away_team_logo` varchar(500) CHARACTER SET utf8mb4 COLLATE utf8mb4_unicode_ci NULL DEFAULT NULL COMMENT '客队Logo',
  `match_time` datetime NULL DEFAULT NULL COMMENT '比赛时间',
  `status` varchar(20) CHARACTER SET utf8mb4 COLLATE utf8mb4_unicode_ci NULL DEFAULT 'NS' COMMENT '比赛状态: NS=未开始, LIVE=进行中, FT=已结束, HT=中场, POSTP=延期, CANCEL=取消',
  `home_score` int(11) NULL DEFAULT NULL COMMENT '主队得分',
  `away_score` int(11) NULL DEFAULT NULL COMMENT '客队得分',
  `venue` varchar(200) CHARACTER SET utf8mb4 COLLATE utf8mb4_unicode_ci NULL DEFAULT NULL COMMENT '比赛场馆',
  `round` varchar(100) CHARACTER SET utf8mb4 COLLATE utf8mb4_unicode_ci NULL DEFAULT NULL COMMENT '赛事轮次',
  `source` varchar(50) CHARACTER SET utf8mb4 COLLATE utf8mb4_unicode_ci NULL DEFAULT 'zq123' COMMENT '数据来源',
  `created_at` datetime NULL DEFAULT CURRENT_TIMESTAMP COMMENT '创建时间',
  `updated_at` datetime NULL DEFAULT CURRENT_TIMESTAMP ON UPDATE CURRENT_TIMESTAMP COMMENT '更新时间',
  `fixture_id` bigint(20) NULL DEFAULT NULL COMMENT '比赛ID',
  `note` text CHARACTER SET utf8mb4 COLLATE utf8mb4_unicode_ci NULL COMMENT '备注',
  `updated_by` bigint(20) NULL DEFAULT NULL COMMENT '更新人',
  PRIMARY KEY (`id`) USING BTREE,
  INDEX `idx_match_time`(`match_time`) USING BTREE,
  INDEX `idx_status`(`status`) USING BTREE,
  INDEX `idx_league`(`league_name`) USING BTREE,
  INDEX `idx_external_id`(`external_match_id`, `source`) USING BTREE,
  INDEX `idx_fixture_id`(`fixture_id`) USING BTREE,
  INDEX `idx_match_time_status`(`match_time`, `status`) USING BTREE,
  INDEX `idx_league_time`(`league_id`, `match_time`) USING BTREE
) ENGINE = InnoDB AUTO_INCREMENT = 154 CHARACTER SET = utf8mb4 COLLATE = utf8mb4_unicode_ci COMMENT = '爬取的比赛数据表' ROW_FORMAT = Dynamic;

-- ----------------------------
-- Records of crawler_matches
-- ----------------------------
INSERT INTO `crawler_matches` VALUES (1, '36181812', 'Premier League', 'PL', '伯恩茅斯', '18090906', 'https://ss1.baidu.com/6ONXsjip0QIZ8tyhnq/it/u=1589888380,3122359827&fm=58&app=10&f=PNG?w=300&h=300&s=CF869B468E9A51FD3DB997AA0300F015', '曼彻斯特城', '12060604', 'https://ss0.baidu.com/6ONWsjip0QIZ8tyhnq/it/u=4236106217,3624165746&fm=58&app=10&f=PNG?w=300&h=300&s=EA03F10E1E9159ED162410C3030030BB', '2026-05-22 02:30:00', 'FT', 1, 1, NULL, NULL, 'juhe', '2026-05-21 15:28:15', '2026-06-07 17:43:00', 36181812, NULL, NULL);
INSERT INTO `crawler_matches` VALUES (2, '1296289405', 'Premier League', 'PL', '切尔西', '648144702', 'https://ss0.baidu.com/6ONWsjip0QIZ8tyhnq/it/u=2283640251,3916455210&fm=58&app=10&f=PNG?w=300&h=300&s=7217738E4EB541B703B784C70300309F', '托特纳姆热刺', '432096468', 'https://ss2.baidu.com/6ONYsjip0QIZ8tyhnq/it/u=2275595742,2895827638&fm=58&app=10&f=PNG?w=1340&h=2160&s=2BC1336ED2AAA6FC0857EC900200B09B', '2026-05-22 03:15:00', 'FT', 2, 1, NULL, NULL, 'juhe', '2026-05-21 15:28:15', '2026-06-07 17:43:00', 1296289405, NULL, NULL);
INSERT INTO `crawler_matches` VALUES (3, '20627367', 'Premier League', 'PL', '伯恩利', '10313683', 'https://ss0.baidu.com/6ONWsjip0QIZ8tyhnq/it/u=2037376209,3513456395&fm=58&app=10&f=PNG?w=450&h=450&s=29E473226DD789FF4D99DABB03008095', '狼队', '6875789', 'https://ss0.baidu.com/6ONWsjip0QIZ8tyhnq/it/u=251647564,3063731885&fm=58&app=10&f=PNG?w=300&h=300&s=0D54C706EA1205F54187C62E0300D05B', '2026-05-22 23:00:00', 'FT', 0, 0, NULL, NULL, 'juhe', '2026-05-21 15:28:15', '2026-06-07 17:43:00', 20627367, NULL, NULL);
INSERT INTO `crawler_matches` VALUES (4, '259968208', 'Premier League', 'PL', '曼彻斯特城', '129984104', 'https://ss0.baidu.com/6ONWsjip0QIZ8tyhnq/it/u=4236106217,3624165746&fm=58&app=10&f=PNG?w=300&h=300&s=EA03F10E1E9159ED162410C3030030BB', '阿斯顿维拉', '86656069', 'https://ss0.baidu.com/6ONWsjip0QIZ8tyhnq/it/u=433938013,2298477877&fm=58&app=10&f=PNG?w=427&h=584&s=4E84E70E33DC4DDE1CEE726A03005073', '2026-05-22 23:00:00', 'FT', 0, 0, NULL, NULL, 'juhe', '2026-05-21 15:28:15', '2026-06-07 17:43:00', 259968208, NULL, NULL);
INSERT INTO `crawler_matches` VALUES (5, '56482946', 'Premier League', 'PL', '托特纳姆热刺', '28241473', 'https://ss2.baidu.com/6ONYsjip0QIZ8tyhnq/it/u=2275595742,2895827638&fm=58&app=10&f=PNG?w=1340&h=2160&s=2BC1336ED2AAA6FC0857EC900200B09B', '埃弗顿', '18827648', 'https://ss0.baidu.com/6ONWsjip0QIZ8tyhnq/it/u=4046645770,1405026097&fm=58&app=10&f=PNG?w=1200&h=1200&s=C731A2604AF295EF5CAE5A920300F09E', '2026-05-22 23:00:00', 'FT', 0, 0, NULL, NULL, 'juhe', '2026-05-21 15:28:15', '2026-06-07 17:43:00', 56482946, NULL, NULL);
INSERT INTO `crawler_matches` VALUES (6, '1001320753', 'Premier League', 'PL', '布莱顿', '500660376', 'https://ss1.baidu.com/6ONXsjip0QIZ8tyhnq/it/u=4096735770,599135907&fm=58&app=10&f=PNG?w=300&h=300&s=EB03C0025CD919E50DB631890300F0BA', '曼彻斯特联', '333773584', 'https://ss1.baidu.com/6ONXsjip0QIZ8tyhnq/it/u=654029481,1856874533&fm=58&app=10&f=PNG?w=256&h=256&s=05F75A861EB393F51D22793A03005019', '2026-05-22 23:00:00', 'FT', 0, 0, NULL, NULL, 'juhe', '2026-05-21 15:28:15', '2026-06-07 17:43:00', 1001320753, NULL, NULL);
INSERT INTO `crawler_matches` VALUES (7, '494760081', 'Premier League', 'PL', '利物浦', '247380040', 'https://ss1.baidu.com/6ONXsjip0QIZ8tyhnq/it/u=1535950828,1220951403&fm=58&app=10&f=PNG?w=256&h=256&s=4B853A668CD025F54B22DFBA03005017', '布伦特福德', '164920027', 'https://ss0.baidu.com/6ONWsjip0QIZ8tyhnq/it/u=1462607650,1241267621&fm=58&app=10&f=PNG?w=300&h=300&s=CE87DB02881215E75CA9BCFE0300501E', '2026-05-22 23:00:00', 'FT', 0, 0, NULL, NULL, 'juhe', '2026-05-21 15:28:15', '2026-06-07 17:43:00', 494760081, NULL, NULL);
INSERT INTO `crawler_matches` VALUES (8, '609230866', 'Premier League', 'PL', '水晶宫', '304615433', 'https://ss1.baidu.com/6ONXsjip0QIZ8tyhnq/it/u=3059953380,17661678&fm=58&app=10&f=PNG?w=300&h=300&s=2B01C2069CD215FD419771800300E098', '阿森纳', '203076955', 'https://ss1.baidu.com/6ONXsjip0QIZ8tyhnq/it/u=2236936884,1456003581&fm=58&app=10&f=PNG?w=432&h=454&s=2122DA168414ADFD4693D3AC0300901C', '2026-05-22 23:00:00', 'FT', 0, 0, NULL, NULL, 'juhe', '2026-05-21 15:28:15', '2026-06-07 17:43:00', 609230866, NULL, NULL);
INSERT INTO `crawler_matches` VALUES (9, '97365917', 'Premier League', 'PL', '桑德兰', '48682958', 'https://ss0.baidu.com/6ONWsjip0QIZ8tyhnq/it/u=3863831673,2927735855&fm=58&app=10&f=PNG?w=300&h=300&s=8724DA06889309FF618844B903009016', '切尔西', '32455305', 'https://ss0.baidu.com/6ONWsjip0QIZ8tyhnq/it/u=2283640251,3916455210&fm=58&app=10&f=PNG?w=300&h=300&s=7217738E4EB541B703B784C70300309F', '2026-05-22 23:00:00', 'FT', 0, 0, NULL, NULL, 'juhe', '2026-05-21 15:28:15', '2026-06-07 17:43:00', 97365917, NULL, NULL);
INSERT INTO `crawler_matches` VALUES (10, '486270883', 'Premier League', 'PL', '富勒姆', '243135441', 'https://ss2.baidu.com/6ONYsjip0QIZ8tyhnq/it/u=1571535505,407528525&fm=58&app=10&f=PNG?w=400&h=400&s=4BE43A62DE9E05FF0B20FDFA0300C095', '纽卡斯尔联', '162090294', 'https://ss1.baidu.com/6ONXsjip0QIZ8tyhnq/it/u=4259321512,2344179329&fm=58&app=10&f=PNG?w=300&h=300&s=0D60D2064DB389FF064C350B030050D2', '2026-05-22 23:00:00', 'FT', 0, 0, NULL, NULL, 'juhe', '2026-05-21 15:28:15', '2026-06-07 17:43:00', 486270883, NULL, NULL);
INSERT INTO `crawler_matches` VALUES (11, '509129762', 'Premier League', 'PL', '诺丁汉森林', '254564881', 'https://ss2.baidu.com/6ONYsjip0QIZ8tyhnq/it/u=2192571868,1371294792&fm=58&app=10&f=PNG?w=100&h=100&s=03B5CA6E0DFAB4574A7E33AD0300F017', '伯恩茅斯', '169709920', 'https://ss1.baidu.com/6ONXsjip0QIZ8tyhnq/it/u=1589888380,3122359827&fm=58&app=10&f=PNG?w=300&h=300&s=CF869B468E9A51FD3DB997AA0300F015', '2026-05-22 23:00:00', 'FT', 0, 0, NULL, NULL, 'juhe', '2026-05-21 15:28:15', '2026-06-07 17:43:00', 509129762, NULL, NULL);
INSERT INTO `crawler_matches` VALUES (12, '891907666', 'Premier League', 'PL', '西汉姆联', '445953833', 'https://ss1.baidu.com/6ONXsjip0QIZ8tyhnq/it/u=2918568305,3768791580&fm=58&app=10&f=PNG?w=300&h=334&s=23EEF60602E294F04433B9BD03002017', '利兹联', '297302555', NULL, '2026-05-22 23:00:00', 'FT', 0, 0, NULL, NULL, 'juhe', '2026-05-21 15:28:15', '2026-06-07 17:44:18', 891907666, NULL, NULL);
INSERT INTO `crawler_matches` VALUES (13, '1833942855', 'Primera Division', 'PD', '塞维利亚', '916971427', 'https://ss0.baidu.com/6ONWsjip0QIZ8tyhnq/it/u=2637513591,34828238&fm=58&app=10&f=PNG?w=300&h=300&s=07957A86CCB21DBF0AB2C5F40300401F', '皇家马德里', '611314285', 'https://ss1.baidu.com/6ONXsjip0QIZ8tyhnq/it/u=3215847008,876509509&fm=58&app=10&f=PNG?w=256&h=256&s=0941E202CAB215B76596EA7B03002053', '2026-05-22 01:00:00', 'FT', 0, 1, NULL, NULL, 'juhe', '2026-05-21 15:28:15', '2026-06-07 17:43:06', 1833942855, NULL, NULL);
INSERT INTO `crawler_matches` VALUES (14, '67561423', 'Primera Division', 'PD', '马德里竞技', '33780711', 'https://ss1.baidu.com/6ONXsjip0QIZ8tyhnq/it/u=781971956,2383271881&fm=58&app=10&f=PNG?w=1480&h=1535&s=E217A162DCFF2FBFC20527FC02008016', '赫罗纳', '22520474', 'https://ss0.baidu.com/6ONWsjip0QIZ8tyhnq/it/u=4152032707,174026006&fm=58&app=10&f=PNG?w=120&h=120&s=65A69B5642E509B5149BDFFA0300901F', '2026-05-22 01:00:00', 'FT', 1, 0, NULL, NULL, 'juhe', '2026-05-21 15:28:15', '2026-06-07 17:43:06', 67561423, NULL, NULL);
INSERT INTO `crawler_matches` VALUES (15, '1969246155', 'Primera Division', 'PD', '莱万特', '984623077', 'https://ss1.baidu.com/6ONXsjip0QIZ8tyhnq/it/u=2273925256,1913622093&fm=58&app=10&f=PNG?w=300&h=300&s=0965E2028852A9FD1085D5B90300C092', '皇家马略卡', '656415385', 'https://ss0.baidu.com/6ONWsjip0QIZ8tyhnq/it/u=801251129,2094979030&fm=58&app=10&f=PNG?w=200&h=200&s=61D73BC2C0C084F77786F4290300A019', '2026-05-22 01:00:00', 'FT', 2, 0, NULL, NULL, 'juhe', '2026-05-21 15:28:15', '2026-06-07 17:43:06', 1969246155, NULL, NULL);
INSERT INTO `crawler_matches` VALUES (16, '714398999', 'Primera Division', 'PD', '巴列卡诺', '357199499', 'https://ss1.baidu.com/6ONXsjip0QIZ8tyhnq/it/u=199225113,4138651585&fm=58&app=10&f=PNG?w=300&h=300&s=03B47286CAB10FA518D084EA0300F01B', '比利亚雷亚尔', '238132999', 'https://ss0.baidu.com/6ONWsjip0QIZ8tyhnq/it/u=968918427,565319806&fm=58&app=10&f=PNG?w=300&h=300&s=EA81D306689305F50EAC043403001053', '2026-05-22 01:00:00', 'FT', 2, 0, NULL, NULL, 'juhe', '2026-05-21 15:28:15', '2026-06-07 17:43:06', 714398999, NULL, NULL);
INSERT INTO `crawler_matches` VALUES (17, '202112046', 'Primera Division', 'PD', '毕尔巴鄂竞技', '101056023', 'https://ss1.baidu.com/6ONXsjip0QIZ8tyhnq/it/u=2572526478,3498748749&fm=58&app=10&f=PNG?w=97&h=100&s=2E447A223CB129B91A8C4FFC0300D016', '塞尔塔', '67370682', 'https://ss0.baidu.com/6ONWsjip0QIZ8tyhnq/it/u=1802715070,3955156410&fm=58&app=10&f=PNG?w=300&h=300&s=2FA15A6E9CD998D46DC1B2B00300D095', '2026-05-22 01:00:00', 'FT', 1, 1, NULL, NULL, 'juhe', '2026-05-21 15:28:15', '2026-06-07 17:43:06', 202112046, NULL, NULL);
INSERT INTO `crawler_matches` VALUES (18, '790620242', 'Primera Division', 'PD', '皇家社会', '395310121', 'https://ss0.baidu.com/6ONWsjip0QIZ8tyhnq/it/u=232633382,1341603582&fm=58&app=10&f=PNG?w=2160&h=2160&s=63E53362ECB281F76EBC042A03007013', '瓦伦西亚', '263540080', 'https://ss2.baidu.com/6ONYsjip0QIZ8tyhnq/it/u=3034206930,3100183604&fm=58&app=10&f=PNG?w=300&h=300&s=29C5EA06F6620CBD4C2BBD7903005053', '2026-05-22 01:00:00', 'FT', 3, 4, NULL, NULL, 'juhe', '2026-05-21 15:28:15', '2026-06-07 17:43:06', 790620242, NULL, NULL);
INSERT INTO `crawler_matches` VALUES (19, '93971161', 'Primera Division', 'PD', '奥萨苏纳', '46985580', 'https://ss0.baidu.com/6ONWsjip0QIZ8tyhnq/it/u=3887583209,222490254&fm=58&app=10&f=PNG?w=300&h=296&s=03D18A66AE4224D4452C98AB03003011', '西班牙人', '31323720', 'https://ss2.baidu.com/6ONYsjip0QIZ8tyhnq/it/u=1570226715,4077808971&fm=58&app=10&f=PNG?w=300&h=300&s=03A5D206C68025F530B7D6BA03008017', '2026-05-22 01:00:00', 'FT', 1, 2, NULL, NULL, 'juhe', '2026-05-21 15:28:15', '2026-06-07 17:43:06', 93971161, NULL, NULL);
INSERT INTO `crawler_matches` VALUES (20, '1034680558', 'Primera Division', 'PD', '埃尔切', '517340279', 'https://ss1.baidu.com/6ONXsjip0QIZ8tyhnq/it/u=2708941259,3559977407&fm=58&app=10&f=PNG?w=300&h=300&s=0A14EA06A8F305AD681E45F603005013', '赫塔菲', '344893519', 'https://ss2.baidu.com/6ONYsjip0QIZ8tyhnq/it/u=4000564235,1380492668&fm=58&app=10&f=PNG?w=300&h=300&s=2327F8064EB2A1F9470C9D180300D099', '2026-05-22 01:00:00', 'FT', 1, 0, NULL, NULL, 'juhe', '2026-05-21 15:28:15', '2026-06-07 17:43:06', 1034680558, NULL, NULL);
INSERT INTO `crawler_matches` VALUES (21, '1059043900', 'Primera Division', 'PD', '皇家奥维耶多', '529521950', 'https://ss0.baidu.com/6ONWsjip0QIZ8tyhnq/it/u=4199768766,3760738532&fm=58&app=10&f=PNG?w=500&h=500&s=29453A6ED4EE04BF77AC863A0300D053', '阿拉维斯', '353014633', 'https://ss0.baidu.com/6ONWsjip0QIZ8tyhnq/it/u=1606210846,1308170611&fm=58&app=10&f=PNG?w=300&h=299&s=A203F1049AD001E7462A36D80300D09E', '2026-05-22 01:00:00', 'FT', 0, 1, NULL, NULL, 'juhe', '2026-05-21 15:28:15', '2026-06-07 17:43:06', 1059043900, NULL, NULL);
INSERT INTO `crawler_matches` VALUES (22, '693614260', 'Primera Division', 'PD', '巴塞罗那', '346807130', 'https://ss0.baidu.com/6ONWsjip0QIZ8tyhnq/it/u=2918543784,4063341038&fm=58&app=10&f=PNG?w=300&h=300&s=21C5F202140709ED54371C3303001058', '皇家贝蒂斯', '231204753', 'https://ss2.baidu.com/6ONYsjip0QIZ8tyhnq/it/u=3227203678,1705650219&fm=58&app=10&f=PNG?w=300&h=300&s=6BD7A342C4A20DB737A06F3B03009053', '2026-05-22 03:15:00', 'FT', 3, 1, NULL, NULL, 'juhe', '2026-05-21 15:28:15', '2026-06-07 17:43:06', 693614260, NULL, NULL);
INSERT INTO `crawler_matches` VALUES (23, '2082466534', 'Primera Division', 'PD', '皇家马德里', '1041233267', 'https://ss1.baidu.com/6ONXsjip0QIZ8tyhnq/it/u=3215847008,876509509&fm=58&app=10&f=PNG?w=256&h=256&s=0941E202CAB215B76596EA7B03002053', '毕尔巴鄂竞技', '694155511', 'https://ss1.baidu.com/6ONXsjip0QIZ8tyhnq/it/u=2572526478,3498748749&fm=58&app=10&f=PNG?w=97&h=100&s=2E447A223CB129B91A8C4FFC0300D016', '2026-05-22 03:00:00', 'FT', 0, 0, NULL, NULL, 'juhe', '2026-05-21 15:28:15', '2026-06-07 17:43:06', 2082466534, NULL, NULL);
INSERT INTO `crawler_matches` VALUES (24, '1963845976', 'Primera Division', 'PD', '瓦伦西亚', '981922988', 'https://ss2.baidu.com/6ONYsjip0QIZ8tyhnq/it/u=3034206930,3100183604&fm=58&app=10&f=PNG?w=300&h=300&s=29C5EA06F6620CBD4C2BBD7903005053', '巴塞罗那', '654615325', 'https://ss0.baidu.com/6ONWsjip0QIZ8tyhnq/it/u=2918543784,4063341038&fm=58&app=10&f=PNG?w=300&h=300&s=21C5F202140709ED54371C3303001058', '2026-05-22 03:00:00', 'FT', 0, 0, NULL, NULL, 'juhe', '2026-05-21 15:28:15', '2026-06-07 17:43:06', 1963845976, NULL, NULL);
INSERT INTO `crawler_matches` VALUES (25, '1217495444', 'Primera Division', 'PD', '皇家贝蒂斯', '608747722', 'https://ss2.baidu.com/6ONYsjip0QIZ8tyhnq/it/u=3227203678,1705650219&fm=58&app=10&f=PNG?w=300&h=300&s=6BD7A342C4A20DB737A06F3B03009053', '莱万特', '405831814', 'https://ss1.baidu.com/6ONXsjip0QIZ8tyhnq/it/u=2273925256,1913622093&fm=58&app=10&f=PNG?w=300&h=300&s=0965E2028852A9FD1085D5B90300C092', '2026-05-22 03:00:00', 'FT', 0, 0, NULL, NULL, 'juhe', '2026-05-21 15:28:15', '2026-06-07 17:43:06', 1217495444, NULL, NULL);
INSERT INTO `crawler_matches` VALUES (26, '350780950', 'Primera Division', 'PD', '塞尔塔', '175390475', 'https://ss0.baidu.com/6ONWsjip0QIZ8tyhnq/it/u=1802715070,3955156410&fm=58&app=10&f=PNG?w=300&h=300&s=2FA15A6E9CD998D46DC1B2B00300D095', '塞维利亚', '116926983', 'https://ss0.baidu.com/6ONWsjip0QIZ8tyhnq/it/u=2637513591,34828238&fm=58&app=10&f=PNG?w=300&h=300&s=07957A86CCB21DBF0AB2C5F40300401F', '2026-05-22 03:00:00', 'FT', 0, 0, NULL, NULL, 'juhe', '2026-05-21 15:28:15', '2026-06-07 17:43:06', 350780950, NULL, NULL);
INSERT INTO `crawler_matches` VALUES (27, '2103414988', 'Primera Division', 'PD', '皇家马略卡', '1051707494', 'https://ss0.baidu.com/6ONWsjip0QIZ8tyhnq/it/u=801251129,2094979030&fm=58&app=10&f=PNG?w=200&h=200&s=61D73BC2C0C084F77786F4290300A019', '皇家奥维耶多', '701138329', 'https://ss0.baidu.com/6ONWsjip0QIZ8tyhnq/it/u=4199768766,3760738532&fm=58&app=10&f=PNG?w=500&h=500&s=29453A6ED4EE04BF77AC863A0300D053', '2026-05-22 03:00:00', 'FT', 0, 0, NULL, NULL, 'juhe', '2026-05-21 15:28:15', '2026-06-07 17:43:06', 2103414988, NULL, NULL);
INSERT INTO `crawler_matches` VALUES (28, '470601052', 'Primera Division', 'PD', '西班牙人', '235300526', 'https://ss2.baidu.com/6ONYsjip0QIZ8tyhnq/it/u=1570226715,4077808971&fm=58&app=10&f=PNG?w=300&h=300&s=03A5D206C68025F530B7D6BA03008017', '皇家社会', '156867017', 'https://ss0.baidu.com/6ONWsjip0QIZ8tyhnq/it/u=232633382,1341603582&fm=58&app=10&f=PNG?w=2160&h=2160&s=63E53362ECB281F76EBC042A03007013', '2026-05-22 03:00:00', 'FT', 0, 0, NULL, NULL, 'juhe', '2026-05-21 15:28:15', '2026-06-07 17:43:06', 470601052, NULL, NULL);
INSERT INTO `crawler_matches` VALUES (29, '11694786', 'Primera Division', 'PD', '阿拉维斯', '5847393', 'https://ss0.baidu.com/6ONWsjip0QIZ8tyhnq/it/u=1606210846,1308170611&fm=58&app=10&f=PNG?w=300&h=299&s=A203F1049AD001E7462A36D80300D09E', '巴列卡诺', '3898262', 'https://ss1.baidu.com/6ONXsjip0QIZ8tyhnq/it/u=199225113,4138651585&fm=58&app=10&f=PNG?w=300&h=300&s=03B47286CAB10FA518D084EA0300F01B', '2026-05-22 03:00:00', 'FT', 0, 0, NULL, NULL, 'juhe', '2026-05-21 15:28:15', '2026-06-07 17:43:06', 11694786, NULL, NULL);
INSERT INTO `crawler_matches` VALUES (30, '149145840', 'Primera Division', 'PD', '赫罗纳', '74572920', 'https://ss0.baidu.com/6ONWsjip0QIZ8tyhnq/it/u=4152032707,174026006&fm=58&app=10&f=PNG?w=120&h=120&s=65A69B5642E509B5149BDFFA0300901F', '埃尔切', '49715280', 'https://ss1.baidu.com/6ONXsjip0QIZ8tyhnq/it/u=2708941259,3559977407&fm=58&app=10&f=PNG?w=300&h=300&s=0A14EA06A8F305AD681E45F603005013', '2026-05-22 03:00:00', 'FT', 0, 0, NULL, NULL, 'juhe', '2026-05-21 15:28:15', '2026-06-07 17:43:06', 149145840, NULL, NULL);
INSERT INTO `crawler_matches` VALUES (31, '1394466963', 'Primera Division', 'PD', '赫塔菲', '697233481', 'https://ss2.baidu.com/6ONYsjip0QIZ8tyhnq/it/u=4000564235,1380492668&fm=58&app=10&f=PNG?w=300&h=300&s=2327F8064EB2A1F9470C9D180300D099', '奥萨苏纳', '464822321', 'https://ss0.baidu.com/6ONWsjip0QIZ8tyhnq/it/u=3887583209,222490254&fm=58&app=10&f=PNG?w=300&h=296&s=03D18A66AE4224D4452C98AB03003011', '2026-05-22 03:00:00', 'FT', 0, 0, NULL, NULL, 'juhe', '2026-05-21 15:28:15', '2026-06-07 17:43:06', 1394466963, NULL, NULL);
INSERT INTO `crawler_matches` VALUES (32, '223882978', 'Primera Division', 'PD', '比利亚雷亚尔', '111941489', 'https://ss0.baidu.com/6ONWsjip0QIZ8tyhnq/it/u=968918427,565319806&fm=58&app=10&f=PNG?w=300&h=300&s=EA81D306689305F50EAC043403001053', '马德里竞技', '74627659', 'https://ss1.baidu.com/6ONXsjip0QIZ8tyhnq/it/u=781971956,2383271881&fm=58&app=10&f=PNG?w=1480&h=1535&s=E217A162DCFF2FBFC20527FC02008016', '2026-05-22 03:00:00', 'FT', 0, 0, NULL, NULL, 'juhe', '2026-05-21 15:28:15', '2026-06-07 17:43:06', 223882978, NULL, NULL);
INSERT INTO `crawler_matches` VALUES (33, '1420328019', '意甲', 'SA', '亚特兰大', '710164009', 'https://ss0.baidu.com/6ONWsjip0QIZ8tyhnq/it/u=4198264962,2837429591&fm=58&app=10&f=PNG?w=300&h=300&s=2331CA228A910DF70F3235D90300D098', '博洛尼亚', '473442673', NULL, '2026-05-22 00:00:00', 'FT', 0, 1, NULL, NULL, 'juhe', '2026-05-21 15:28:16', '2026-06-07 17:44:18', 1420328019, NULL, NULL);
INSERT INTO `crawler_matches` VALUES (34, '1152261879', '意甲', 'SA', '萨索洛', '576130939', 'https://ss0.baidu.com/6ONWsjip0QIZ8tyhnq/it/u=1061238170,2737245396&fm=58&app=10&f=PNG?w=200&h=218&s=0FA8E2036CD205FF5401B702030070D5', '莱切', '384087293', 'https://ss0.baidu.com/6ONWsjip0QIZ8tyhnq/it/u=3858266653,651894083&fm=58&app=10&f=PNG?w=300&h=300&s=68C1AB460EA494DC175039990300D09A', '2026-05-21 02:45:00', 'FT', 2, 3, NULL, NULL, 'juhe', '2026-05-21 15:28:16', '2026-06-07 17:43:39', 1152261879, NULL, NULL);
INSERT INTO `crawler_matches` VALUES (35, '1118258715', '意甲', 'SA', '卡利亚里', '559129357', 'https://ss0.baidu.com/6ONWsjip0QIZ8tyhnq/it/u=410086694,3660716087&fm=58&app=10&f=PNG?w=275&h=332&s=00B559965EB009BD5A04F7E403007015', '都灵', '372752905', 'https://ss2.baidu.com/6ONYsjip0QIZ8tyhnq/it/u=2677249372,459083076&fm=58&app=10&f=PNG?w=300&h=300&s=89E6C6062EF009BD0517FBBA03001019', '2026-05-22 02:45:00', 'FT', 2, 1, NULL, NULL, 'juhe', '2026-05-21 15:28:16', '2026-06-07 17:43:39', 1118258715, NULL, NULL);
INSERT INTO `crawler_matches` VALUES (36, '1781806663', '意甲', 'SA', '乌迪内斯', '890903331', 'https://ss1.baidu.com/6ONXsjip0QIZ8tyhnq/it/u=3248252766,1074719870&fm=58&app=10&f=PNG?w=100&h=100&s=5991E013319365E10E54C4CE03009030', '克雷莫纳', '593935554', 'https://ss0.baidu.com/6ONWsjip0QIZ8tyhnq/it/u=213220048,434756551&fm=58&app=10&f=PNG?w=1200&h=1200&s=43361A62EAB219AF2E81BCEB03008015', '2026-05-22 02:45:00', 'FT', 0, 1, NULL, NULL, 'juhe', '2026-05-21 15:28:16', '2026-06-07 17:43:39', 1781806663, NULL, NULL);
INSERT INTO `crawler_matches` VALUES (37, '1111171418', '意甲', 'SA', '佛罗伦萨', '555585709', 'https://ss1.baidu.com/6ONXsjip0QIZ8tyhnq/it/u=1875468495,1106454263&fm=58&app=10&f=PNG?w=400&h=400&s=4A603A62CA9605E513AC66FB03005095', '亚特兰大', '370390472', 'https://ss0.baidu.com/6ONWsjip0QIZ8tyhnq/it/u=4198264962,2837429591&fm=58&app=10&f=PNG?w=300&h=300&s=2331CA228A910DF70F3235D90300D098', '2026-05-22 02:45:00', 'FT', 0, 0, NULL, NULL, 'juhe', '2026-05-21 15:28:16', '2026-06-07 17:43:39', 1111171418, NULL, NULL);
INSERT INTO `crawler_matches` VALUES (38, '1562884734', '意甲', 'SA', '博洛尼亚', '781442367', NULL, '国际米兰', '520961578', 'https://ss0.baidu.com/6ONWsjip0QIZ8tyhnq/it/u=1257166060,688465512&fm=58&app=10&f=PNG?w=300&h=300&s=42B1A962FCBAAFB55697C2D30300109D', '2026-05-22 00:00:00', 'FT', 0, 0, NULL, NULL, 'juhe', '2026-05-21 15:28:16', '2026-06-07 17:44:18', 1562884734, NULL, NULL);
INSERT INTO `crawler_matches` VALUES (39, '241690881', '意甲', 'SA', '拉齐奥', '120845440', 'https://ss0.baidu.com/6ONWsjip0QIZ8tyhnq/it/u=809496219,2071404746&fm=58&app=10&f=PNG?w=300&h=300&s=63F1A366E5A225AF4124D132030010D3', '比萨', '80563627', 'https://ss1.baidu.com/6ONXsjip0QIZ8tyhnq/it/u=3577819992,445839611&fm=58&app=10&f=PNG?w=180&h=180&s=0361FA02499005FD0B64F59803009091', '2026-05-22 02:45:00', 'FT', 0, 0, NULL, NULL, 'juhe', '2026-05-21 15:28:16', '2026-06-07 17:43:39', 241690881, NULL, NULL);
INSERT INTO `crawler_matches` VALUES (40, '211297108', '意甲', 'SA', '帕尔马', '105648554', 'https://ss0.baidu.com/6ONWsjip0QIZ8tyhnq/it/u=2163929094,1885154763&fm=58&app=10&f=PNG?w=400&h=400&s=3A34E50282BD1BB9081D146E0300E060', '萨索洛', '70432369', 'https://ss0.baidu.com/6ONWsjip0QIZ8tyhnq/it/u=1061238170,2737245396&fm=58&app=10&f=PNG?w=200&h=218&s=0FA8E2036CD205FF5401B702030070D5', '2026-05-22 21:00:00', 'FT', 0, 0, NULL, NULL, 'juhe', '2026-05-21 15:28:16', '2026-06-07 17:43:39', 211297108, NULL, NULL);
INSERT INTO `crawler_matches` VALUES (41, '1423382813', '意甲', 'SA', '那不勒斯', '711691406', 'https://ss0.baidu.com/6ONWsjip0QIZ8tyhnq/it/u=3509556260,1730818049&fm=58&app=10&f=PNG?w=225&h=225&s=8BA4D306508368FA59022353030080BA', '乌迪内斯', '474460937', 'https://ss1.baidu.com/6ONXsjip0QIZ8tyhnq/it/u=3248252766,1074719870&fm=58&app=10&f=PNG?w=100&h=100&s=5991E013319365E10E54C4CE03009030', '2026-05-22 00:00:00', 'FT', 0, 0, NULL, NULL, 'juhe', '2026-05-21 15:28:16', '2026-06-07 17:43:39', 1423382813, NULL, NULL);
INSERT INTO `crawler_matches` VALUES (42, '176842729', '意甲', 'SA', '都灵', '88421364', 'https://ss2.baidu.com/6ONYsjip0QIZ8tyhnq/it/u=2677249372,459083076&fm=58&app=10&f=PNG?w=300&h=300&s=89E6C6062EF009BD0517FBBA03001019', '尤文图斯', '58947576', NULL, '2026-05-22 02:45:00', 'FT', 0, 0, NULL, NULL, 'juhe', '2026-05-21 15:28:16', '2026-06-07 17:44:18', 176842729, NULL, NULL);
INSERT INTO `crawler_matches` VALUES (43, '1602205541', '意甲', 'SA', 'AC米兰', '801102770', 'https://ss1.baidu.com/6ONXsjip0QIZ8tyhnq/it/u=4246402492,1061669681&fm=58&app=10&f=PNG?w=300&h=300&s=41F58A62D8D80DFD8A14F6BC03001015', '卡利亚里', '534068513', 'https://ss0.baidu.com/6ONWsjip0QIZ8tyhnq/it/u=410086694,3660716087&fm=58&app=10&f=PNG?w=275&h=332&s=00B559965EB009BD5A04F7E403007015', '2026-05-22 02:45:00', 'FT', 0, 0, NULL, NULL, 'juhe', '2026-05-21 15:28:16', '2026-06-07 17:43:39', 1602205541, NULL, NULL);
INSERT INTO `crawler_matches` VALUES (44, '1187889998', '意甲', 'SA', '维罗纳', '593944999', 'https://ss1.baidu.com/6ONXsjip0QIZ8tyhnq/it/u=3528031221,549432563&fm=58&app=10&f=PNG?w=100&h=100&s=61FDAF66ACF20DB57B33CF2D0200F05D', '罗马', '395963332', 'https://ss1.baidu.com/6ONXsjip0QIZ8tyhnq/it/u=871910492,2741969613&fm=58&app=10&f=PNG?w=100&h=100&s=0EC4C40208B431B14C3784A40300306B', '2026-05-22 02:45:00', 'FT', 0, 0, NULL, NULL, 'juhe', '2026-05-21 15:28:16', '2026-06-07 17:43:39', 1187889998, NULL, NULL);
INSERT INTO `crawler_matches` VALUES (45, '1533624645', '意甲', 'SA', '莱切', '766812322', 'https://ss0.baidu.com/6ONWsjip0QIZ8tyhnq/it/u=3858266653,651894083&fm=58&app=10&f=PNG?w=300&h=300&s=68C1AB460EA494DC175039990300D09A', '热那亚', '511208215', 'https://ss1.baidu.com/6ONXsjip0QIZ8tyhnq/it/u=1968260215,1421482513&fm=58&app=10&f=PNG?w=277&h=294&s=2BA7CA0605643CBE5FA299200300A019', '2026-05-21 02:45:00', 'FT', 0, 0, NULL, NULL, 'juhe', '2026-05-21 15:28:16', '2026-06-07 17:43:39', 1533624645, NULL, NULL);
INSERT INTO `crawler_matches` VALUES (46, '2139644493', '意甲', 'SA', '克雷莫纳', '1069822246', 'https://ss0.baidu.com/6ONWsjip0QIZ8tyhnq/it/u=213220048,434756551&fm=58&app=10&f=PNG?w=1200&h=1200&s=43361A62EAB219AF2E81BCEB03008015', '科莫', '713214831', 'https://ss1.baidu.com/6ONXsjip0QIZ8tyhnq/it/u=1118375208,2546143191&fm=58&app=10&f=PNG?w=200&h=207&s=2A91E10068B40DBF4CB3B54603001099', '2026-05-22 02:45:00', 'FT', 0, 0, NULL, NULL, 'juhe', '2026-05-21 15:28:16', '2026-06-07 17:43:39', 2139644493, NULL, NULL);
INSERT INTO `crawler_matches` VALUES (47, '1378685096', '德甲', 'BL1', '云达不莱梅', '689342548', 'https://ss2.baidu.com/6ONYsjip0QIZ8tyhnq/it/u=1145133455,270071439&fm=58&app=10&f=PNG?w=300&h=300&s=0391EA6AE0AE5CB45DABDE5A0300C0DC', '多特蒙德', '459561698', 'https://ss2.baidu.com/6ONYsjip0QIZ8tyhnq/it/u=2051282467,2996000478&fm=58&app=10&f=PNG?w=300&h=300&s=65F5AF665E9339E15807737C0300C05F', '2026-06-07 21:30:00', 'NS', NULL, NULL, NULL, NULL, 'juhe', '2026-05-21 15:28:16', '2026-06-07 17:44:33', 1378685096, NULL, NULL);
INSERT INTO `crawler_matches` VALUES (48, '620446312', '德甲', 'BL1', '拜仁慕尼黑', '310223156', 'https://ss2.baidu.com/6ONYsjip0QIZ8tyhnq/it/u=2423717274,3097427051&fm=58&app=10&f=PNG?w=300&h=300&s=2107D816089029E754199ADB03003015', '科隆', '206815437', 'https://ss0.baidu.com/6ONWsjip0QIZ8tyhnq/it/u=877853032,974886012&fm=58&app=10&f=PNG?w=300&h=300&s=8FA5CA02DED609F57A84F4B80300B015', '2026-06-07 21:30:00', 'NS', NULL, NULL, NULL, NULL, 'juhe', '2026-05-21 15:28:16', '2026-06-07 17:44:33', 620446312, NULL, NULL);
INSERT INTO `crawler_matches` VALUES (49, '108883003', '德甲', 'BL1', '勒沃库森', '54441501', 'https://ss0.baidu.com/6ONWsjip0QIZ8tyhnq/it/u=1008903523,1543311831&fm=58&app=10&f=PNG?w=300&h=290&s=0BE5DB02CED309ED639BB9FA0300D011', '汉堡', '36294334', 'https://ss1.baidu.com/6ONXsjip0QIZ8tyhnq/it/u=1650338059,1091152595&fm=58&app=10&f=PNG?w=300&h=300&s=AA033166B6C736E41CBA3C990300E09B', '2026-06-07 21:30:00', 'NS', NULL, NULL, NULL, NULL, 'juhe', '2026-05-21 15:28:16', '2026-06-07 17:44:33', 108883003, NULL, NULL);
INSERT INTO `crawler_matches` VALUES (50, '759372018', '德甲', 'BL1', '法兰克福', '379686009', 'https://ss0.baidu.com/6ONWsjip0QIZ8tyhnq/it/u=399236666,666208532&fm=58&app=10&f=PNG?w=300&h=300&s=DCA58B525ED519E549BE52F40300901C', '斯图加特', '253124006', 'https://ss0.baidu.com/6ONWsjip0QIZ8tyhnq/it/u=544971566,2900347647&fm=58&app=10&f=PNG?w=300&h=300&s=29A5EA164E9009E508AB687B0300C01A', '2026-06-07 21:30:00', 'NS', NULL, NULL, NULL, NULL, 'juhe', '2026-05-21 15:28:16', '2026-06-07 17:44:33', 759372018, NULL, NULL);
INSERT INTO `crawler_matches` VALUES (51, '578812452', '德甲', 'BL1', '圣保利', '289406226', 'https://ss2.baidu.com/6ONYsjip0QIZ8tyhnq/it/u=2070715214,1329261006&fm=58&app=10&f=PNG?w=1200&h=1200&s=41B60872C8D33BE9009AE3EC0300B03C', '沃尔夫斯堡', '192937484', NULL, '2026-06-07 21:30:00', 'NS', NULL, NULL, NULL, NULL, 'juhe', '2026-05-21 15:28:16', '2026-06-07 17:44:33', 578812452, NULL, NULL);
INSERT INTO `crawler_matches` VALUES (52, '709584055', '德甲', 'BL1', '弗赖堡', '354792027', 'https://ss0.baidu.com/6ONWsjip0QIZ8tyhnq/it/u=2856330127,2618010286&fm=58&app=10&f=PNG?w=300&h=300&s=09E47A229E9A2DF5DEB9518F0000A091', 'RB莱比锡', '236528018', 'https://ss2.baidu.com/6ONYsjip0QIZ8tyhnq/it/u=1610379363,1235685035&fm=58&app=10&f=PNG?w=300&h=214&s=2B30EB0688B20DA71398CFFA03005095', '2026-06-07 21:30:00', 'NS', NULL, NULL, NULL, NULL, 'juhe', '2026-05-21 15:28:16', '2026-06-07 17:44:33', 709584055, NULL, NULL);
INSERT INTO `crawler_matches` VALUES (53, '1498108909', '德甲', 'BL1', '海登海姆', '749054454', 'https://ss2.baidu.com/6ONYsjip0QIZ8tyhnq/it/u=1960498877,2817277656&fm=58&app=10&f=PNG?w=1200&h=1480&s=7033A0764CF7ABF932BE67AD03005007', '美因茨', '499369636', 'https://ss0.baidu.com/6ONWsjip0QIZ8tyhnq/it/u=1031960818,1011207600&fm=58&app=10&f=PNG?w=300&h=300&s=09A6CB164AF723B10497FFFC0300501D', '2026-06-07 21:30:00', 'NS', NULL, NULL, NULL, NULL, 'juhe', '2026-05-21 15:28:16', '2026-06-07 17:44:33', 1498108909, NULL, NULL);
INSERT INTO `crawler_matches` VALUES (54, '492305000', '德甲', 'BL1', '门兴格拉德巴赫', '246152500', 'https://ss0.baidu.com/6ONWsjip0QIZ8tyhnq/it/u=1669823580,1836264028&fm=58&app=10&f=PNG?w=300&h=300&s=69403A62EAB08DF51CEC940A0000C091', '霍芬海姆', '164101666', 'https://ss1.baidu.com/6ONXsjip0QIZ8tyhnq/it/u=871195433,90250218&fm=58&app=10&f=PNG?w=300&h=300&s=4331A2629EF025A5AC1B35DD0300C098', '2026-06-07 21:30:00', 'NS', NULL, NULL, NULL, NULL, 'juhe', '2026-05-21 15:28:16', '2026-06-07 17:44:33', 492305000, NULL, NULL);
INSERT INTO `crawler_matches` VALUES (55, '1616759519', '德甲', 'BL1', '柏林联合', '808379759', 'https://ss2.baidu.com/6ONYsjip0QIZ8tyhnq/it/u=1559144551,744810253&fm=58&app=10&f=PNG?w=300&h=300&s=29E7EA06A1CF18ED6572EC390300005B', '奥格斯堡', '538919839', 'https://ss1.baidu.com/6ONXsjip0QIZ8tyhnq/it/u=3039794287,4147125808&fm=58&app=10&f=PNG?w=300&h=300&s=6DA78856528644FD978FBCF603001039', '2026-06-07 21:30:00', 'NS', NULL, NULL, NULL, NULL, 'juhe', '2026-05-21 15:28:16', '2026-06-07 17:44:33', 1616759519, NULL, NULL);
INSERT INTO `crawler_matches` VALUES (56, '734337818', '法甲', 'FL1', '巴黎FC', '367168909', 'https://ss1.baidu.com/6ONXsjip0QIZ8tyhnq/it/u=2302160412,2537622191&fm=58&app=10&f=PNG?w=150&h=150&s=89D4E202B7A9ABF94E5FDB860300B08B', '巴黎圣日耳曼', '244779272', 'https://ss2.baidu.com/6ONYsjip0QIZ8tyhnq/it/u=2148883660,1356134091&fm=58&app=10&f=PNG?w=190&h=190&s=AA23E0040AF599F10A86058003005099', '2026-06-07 03:00:00', 'FT', 2, 1, NULL, NULL, 'juhe', '2026-05-21 15:28:16', '2026-06-07 17:43:56', 734337818, NULL, NULL);
INSERT INTO `crawler_matches` VALUES (57, '1027065818', '法甲', 'FL1', '斯特拉斯堡', '513532909', 'https://ss1.baidu.com/6ONXsjip0QIZ8tyhnq/it/u=3281452541,2919490631&fm=58&app=10&f=PNG?w=300&h=300&s=8785D202489271E708B6D4C003005099', '摩纳哥', '342355272', 'https://ss2.baidu.com/6ONYsjip0QIZ8tyhnq/it/u=2018510642,2649188548&fm=58&app=10&f=PNG?w=300&h=300&s=63F7A36654FE05BD60A624BB0300801B', '2026-06-07 03:00:00', 'FT', 5, 4, NULL, NULL, 'juhe', '2026-05-21 15:28:16', '2026-06-07 17:43:56', 1027065818, NULL, NULL);
INSERT INTO `crawler_matches` VALUES (58, '178130146', '法甲', 'FL1', '马赛', '89065073', NULL, '雷恩', '59376715', 'https://ss1.baidu.com/6ONXsjip0QIZ8tyhnq/it/u=201170334,1410214111&fm=58&app=10&f=PNG?w=97&h=117&s=65D5528E16D815F5CDB326B00300004A', '2026-06-07 03:00:00', 'FT', 3, 1, NULL, NULL, 'juhe', '2026-05-21 15:28:16', '2026-06-07 17:44:18', 178130146, NULL, NULL);
INSERT INTO `crawler_matches` VALUES (59, '843872402', '法甲', 'FL1', '尼斯', '421936201', 'https://ss0.baidu.com/6ONWsjip0QIZ8tyhnq/it/u=2001932390,3286335711&fm=58&app=10&f=PNG?w=300&h=300&s=84E2DA07BE739DFD582430A10300A013', '梅斯', '281290800', 'https://ss0.baidu.com/6ONWsjip0QIZ8tyhnq/it/u=2018105468,1493373279&fm=58&app=10&f=PNG?w=200&h=200&s=C5E5526ECD8E377E5EE38FAF0200701D', '2026-06-07 03:00:00', 'FT', 0, 0, NULL, NULL, 'juhe', '2026-05-21 15:28:16', '2026-06-07 17:43:56', 843872402, NULL, NULL);
INSERT INTO `crawler_matches` VALUES (60, '1773009336', '法甲', 'FL1', '里尔', '886504668', 'https://ss2.baidu.com/6ONYsjip0QIZ8tyhnq/it/u=3067124273,2860677643&fm=58&app=10&f=PNG?w=98&h=98&s=2503F916208591A717A996E903007015', '欧塞尔', '591003112', 'https://ss0.baidu.com/6ONWsjip0QIZ8tyhnq/it/u=1949488653,3671120518&fm=58&app=10&f=PNG?w=130&h=160&s=CD31A4541E501FFB1FBA77990300F09B', '2026-06-07 03:00:00', 'FT', 0, 2, NULL, NULL, 'juhe', '2026-05-21 15:28:16', '2026-06-07 17:43:56', 1773009336, NULL, NULL);
INSERT INTO `crawler_matches` VALUES (61, '1143013715', '法甲', 'FL1', '里昂', '571506857', 'https://ss1.baidu.com/6ONXsjip0QIZ8tyhnq/it/u=1509825749,442617531&fm=58&app=10&f=PNG?w=250&h=277&s=12C3F8169EF339AB6D898ACF03002087', '朗斯', '381004571', 'https://ss2.baidu.com/6ONYsjip0QIZ8tyhnq/it/u=1418286588,615517479&fm=58&app=10&f=PNG?w=300&h=397&s=09A6CA161A9601F950AFF07C03005019', '2026-06-07 03:00:00', 'FT', 0, 4, NULL, NULL, 'juhe', '2026-05-21 15:28:16', '2026-06-07 17:43:56', 1143013715, NULL, NULL);
INSERT INTO `crawler_matches` VALUES (62, '772724888', '法甲', 'FL1', '布雷斯特', '386362444', 'https://ss1.baidu.com/6ONXsjip0QIZ8tyhnq/it/u=2682402739,4071175730&fm=58&app=10&f=PNG?w=300&h=300&s=69A78A56C4C111F76E9BFFBB0300101D', '昂热', '257574962', 'https://ss1.baidu.com/6ONXsjip0QIZ8tyhnq/it/u=1228418698,446985141&fm=58&app=10&f=PNG?w=150&h=177&s=07166B2368F81DB111B8ED500300D092', '2026-06-07 03:00:00', 'FT', 1, 1, NULL, NULL, 'juhe', '2026-05-21 15:28:16', '2026-06-07 17:43:56', 772724888, NULL, NULL);
INSERT INTO `crawler_matches` VALUES (63, '265938285', '法甲', 'FL1', '洛里昂', '132969142', 'https://ss2.baidu.com/6ONYsjip0QIZ8tyhnq/it/u=534867899,3084452609&fm=58&app=10&f=PNG?w=150&h=150&s=F5A09C578AF089EB1C9A65A80300B051', '勒阿弗尔', '88646095', 'https://ss0.baidu.com/6ONWsjip0QIZ8tyhnq/it/u=3883409304,2124526404&fm=58&app=10&f=PNG?w=243&h=243&s=0861E304C2800CFF812A958A0300309A', '2026-06-07 03:00:00', 'FT', 0, 2, NULL, NULL, 'juhe', '2026-05-21 15:28:16', '2026-06-07 17:43:56', 265938285, NULL, NULL);
INSERT INTO `crawler_matches` VALUES (64, '1060760477', '法甲', 'FL1', '南特', '530380238', 'https://ss1.baidu.com/6ONXsjip0QIZ8tyhnq/it/u=3730101241,908616412&fm=58&app=10&f=PNG?w=100&h=100&s=6DC5AF427CB9D19A5863766E0300305F', '图卢兹', '353586825', 'https://ss0.baidu.com/6ONWsjip0QIZ8tyhnq/it/u=1268701788,837805214&fm=58&app=10&f=PNG?w=100&h=100&s=E3D2632380C01CE61AAC07A903007096', '2026-06-07 03:00:00', 'POSTP', NULL, NULL, NULL, NULL, 'juhe', '2026-05-21 15:28:16', '2026-06-07 17:43:56', 1060760477, NULL, NULL);
INSERT INTO `crawler_matches` VALUES (65, '700848631', '意甲', 'SA', '萨索洛', '350424315', 'https://ss0.baidu.com/6ONWsjip0QIZ8tyhnq/it/u=1061238170,2737245396&fm=58&app=10&f=PNG?w=200&h=218&s=0FA8E2036CD205FF5401B702030070D5', '莱切', '233616210', NULL, '2026-05-22 02:45:00', 'FT', 2, 3, NULL, NULL, 'juhe', '2026-05-22 09:21:42', '2026-06-07 17:44:18', 700848631, NULL, NULL);
INSERT INTO `crawler_matches` VALUES (66, '369812901', '意甲', 'SA', '莱切', '184906450', NULL, '热那亚', '123270967', 'https://ss1.baidu.com/6ONXsjip0QIZ8tyhnq/it/u=1968260215,1421482513&fm=58&app=10&f=PNG?w=277&h=294&s=2BA7CA0605643CBE5FA299200300A019', '2026-05-22 02:45:00', 'FT', 0, 0, NULL, NULL, 'juhe', '2026-05-22 09:21:42', '2026-06-07 17:44:18', 369812901, NULL, NULL);
INSERT INTO `crawler_matches` VALUES (67, '29216723', 'Premier League', 'PL', '伯恩利', '14608361', 'https://ss0.baidu.com/6ONWsjip0QIZ8tyhnq/it/u=2037376209,3513456395&fm=58&app=10&f=PNG?w=450&h=450&s=29E473226DD789FF4D99DABB03008095', '狼队', '9738907', 'https://ss0.baidu.com/6ONWsjip0QIZ8tyhnq/it/u=251647564,3063731885&fm=58&app=10&f=PNG?w=300&h=300&s=0D54C706EA1205F54187C62E0300D05B', '2026-06-07 23:00:00', 'NS', NULL, NULL, NULL, NULL, 'juhe', '2026-05-26 21:11:52', '2026-06-07 17:44:33', 29216723, NULL, NULL);
INSERT INTO `crawler_matches` VALUES (68, '268557563', 'Premier League', 'PL', '曼彻斯特城', '134278781', 'https://ss0.baidu.com/6ONWsjip0QIZ8tyhnq/it/u=4236106217,3624165746&fm=58&app=10&f=PNG?w=300&h=300&s=EA03F10E1E9159ED162410C3030030BB', '阿斯顿维拉', '89519187', 'https://ss0.baidu.com/6ONWsjip0QIZ8tyhnq/it/u=433938013,2298477877&fm=58&app=10&f=PNG?w=427&h=584&s=4E84E70E33DC4DDE1CEE726A03005073', '2026-06-07 23:00:00', 'NS', NULL, NULL, NULL, NULL, 'juhe', '2026-05-26 21:11:52', '2026-06-07 17:44:33', 268557563, NULL, NULL);
INSERT INTO `crawler_matches` VALUES (69, '47893589', 'Premier League', 'PL', '托特纳姆热刺', '23946794', 'https://ss2.baidu.com/6ONYsjip0QIZ8tyhnq/it/u=2275595742,2895827638&fm=58&app=10&f=PNG?w=1340&h=2160&s=2BC1336ED2AAA6FC0857EC900200B09B', '埃弗顿', '15964529', 'https://ss0.baidu.com/6ONWsjip0QIZ8tyhnq/it/u=4046645770,1405026097&fm=58&app=10&f=PNG?w=1200&h=1200&s=C731A2604AF295EF5CAE5A920300F09E', '2026-06-07 23:00:00', 'NS', NULL, NULL, NULL, NULL, 'juhe', '2026-05-26 21:11:52', '2026-06-07 17:44:33', 47893589, NULL, NULL);
INSERT INTO `crawler_matches` VALUES (70, '1009910106', 'Premier League', 'PL', '布莱顿', '504955053', 'https://ss1.baidu.com/6ONXsjip0QIZ8tyhnq/it/u=4096735770,599135907&fm=58&app=10&f=PNG?w=300&h=300&s=EB03C0025CD919E50DB631890300F0BA', '曼彻斯特联', '336636702', 'https://ss1.baidu.com/6ONXsjip0QIZ8tyhnq/it/u=654029481,1856874533&fm=58&app=10&f=PNG?w=256&h=256&s=05F75A861EB393F51D22793A03005019', '2026-06-07 23:00:00', 'NS', NULL, NULL, NULL, NULL, 'juhe', '2026-05-26 21:11:52', '2026-06-07 17:44:33', 1009910106, NULL, NULL);
INSERT INTO `crawler_matches` VALUES (71, '503349437', 'Premier League', 'PL', '利物浦', '251674718', 'https://ss1.baidu.com/6ONXsjip0QIZ8tyhnq/it/u=1535950828,1220951403&fm=58&app=10&f=PNG?w=256&h=256&s=4B853A668CD025F54B22DFBA03005017', '布伦特福德', '167783145', 'https://ss0.baidu.com/6ONWsjip0QIZ8tyhnq/it/u=1462607650,1241267621&fm=58&app=10&f=PNG?w=300&h=300&s=CE87DB02881215E75CA9BCFE0300501E', '2026-06-07 23:00:00', 'NS', NULL, NULL, NULL, NULL, 'juhe', '2026-05-26 21:11:52', '2026-06-07 17:44:33', 503349437, NULL, NULL);
INSERT INTO `crawler_matches` VALUES (72, '600641511', 'Premier League', 'PL', '水晶宫', '300320755', 'https://ss1.baidu.com/6ONXsjip0QIZ8tyhnq/it/u=3059953380,17661678&fm=58&app=10&f=PNG?w=300&h=300&s=2B01C2069CD215FD419771800300E098', '阿森纳', '200213837', 'https://ss1.baidu.com/6ONXsjip0QIZ8tyhnq/it/u=2236936884,1456003581&fm=58&app=10&f=PNG?w=432&h=454&s=2122DA168414ADFD4693D3AC0300901C', '2026-06-07 23:00:00', 'NS', NULL, NULL, NULL, NULL, 'juhe', '2026-05-26 21:11:52', '2026-06-07 17:44:33', 600641511, NULL, NULL);
INSERT INTO `crawler_matches` VALUES (73, '88776560', 'Premier League', 'PL', '桑德兰', '44388280', 'https://ss0.baidu.com/6ONWsjip0QIZ8tyhnq/it/u=3863831673,2927735855&fm=58&app=10&f=PNG?w=300&h=300&s=8724DA06889309FF618844B903009016', '切尔西', '29592186', 'https://ss0.baidu.com/6ONWsjip0QIZ8tyhnq/it/u=2283640251,3916455210&fm=58&app=10&f=PNG?w=300&h=300&s=7217738E4EB541B703B784C70300309F', '2026-06-07 23:00:00', 'NS', NULL, NULL, NULL, NULL, 'juhe', '2026-05-26 21:11:52', '2026-06-07 17:44:33', 88776560, NULL, NULL);
INSERT INTO `crawler_matches` VALUES (74, '477681525', 'Premier League', 'PL', '富勒姆', '238840762', 'https://ss2.baidu.com/6ONYsjip0QIZ8tyhnq/it/u=1571535505,407528525&fm=58&app=10&f=PNG?w=400&h=400&s=4BE43A62DE9E05FF0B20FDFA0300C095', '纽卡斯尔联', '159227175', 'https://ss1.baidu.com/6ONXsjip0QIZ8tyhnq/it/u=4259321512,2344179329&fm=58&app=10&f=PNG?w=300&h=300&s=0D60D2064DB389FF064C350B030050D2', '2026-06-07 23:00:00', 'NS', NULL, NULL, NULL, NULL, 'juhe', '2026-05-26 21:11:52', '2026-06-07 17:44:33', 477681525, NULL, NULL);
INSERT INTO `crawler_matches` VALUES (75, '517719118', 'Premier League', 'PL', '诺丁汉森林', '258859559', 'https://ss2.baidu.com/6ONYsjip0QIZ8tyhnq/it/u=2192571868,1371294792&fm=58&app=10&f=PNG?w=100&h=100&s=03B5CA6E0DFAB4574A7E33AD0300F017', '伯恩茅斯', '172573039', 'https://ss1.baidu.com/6ONXsjip0QIZ8tyhnq/it/u=1589888380,3122359827&fm=58&app=10&f=PNG?w=300&h=300&s=CF869B468E9A51FD3DB997AA0300F015', '2026-06-07 23:00:00', 'NS', NULL, NULL, NULL, NULL, 'juhe', '2026-05-26 21:11:52', '2026-06-07 17:44:33', 517719118, NULL, NULL);
INSERT INTO `crawler_matches` VALUES (76, '900497025', 'Premier League', 'PL', '西汉姆联', '450248512', 'https://ss1.baidu.com/6ONXsjip0QIZ8tyhnq/it/u=2918568305,3768791580&fm=58&app=10&f=PNG?w=300&h=334&s=23EEF60602E294F04433B9BD03002017', '利兹联', '300165675', NULL, '2026-06-07 23:00:00', 'NS', NULL, NULL, NULL, NULL, 'juhe', '2026-05-26 21:11:52', '2026-06-07 17:44:33', 900497025, NULL, NULL);
INSERT INTO `crawler_matches` VALUES (77, '215293618', 'Primera Division', 'PD', '比利亚雷亚尔', '107646809', 'https://ss0.baidu.com/6ONWsjip0QIZ8tyhnq/it/u=968918427,565319806&fm=58&app=10&f=PNG?w=300&h=300&s=EA81D306689305F50EAC043403001053', '马德里竞技', '71764539', 'https://ss1.baidu.com/6ONXsjip0QIZ8tyhnq/it/u=781971956,2383271881&fm=58&app=10&f=PNG?w=1480&h=1535&s=E217A162DCFF2FBFC20527FC02008016', '2026-06-07 03:00:00', 'FT', 5, 1, NULL, NULL, 'juhe', '2026-05-26 21:11:52', '2026-06-07 17:43:06', 215293618, NULL, NULL);
INSERT INTO `crawler_matches` VALUES (78, '1414793456', '意甲', 'SA', '那不勒斯', '707396728', 'https://ss0.baidu.com/6ONWsjip0QIZ8tyhnq/it/u=3509556260,1730818049&fm=58&app=10&f=PNG?w=225&h=225&s=8BA4D306508368FA59022353030080BA', '乌迪内斯', '471597818', 'https://ss1.baidu.com/6ONXsjip0QIZ8tyhnq/it/u=3248252766,1074719870&fm=58&app=10&f=PNG?w=100&h=100&s=5991E013319365E10E54C4CE03009030', '2026-06-07 00:00:00', 'FT', 1, 0, NULL, NULL, 'juhe', '2026-05-26 21:11:52', '2026-06-07 17:43:39', 1414793456, NULL, NULL);
INSERT INTO `crawler_matches` VALUES (79, '1593616186', '意甲', 'SA', 'AC米兰', '796808093', 'https://ss1.baidu.com/6ONXsjip0QIZ8tyhnq/it/u=4246402492,1061669681&fm=58&app=10&f=PNG?w=300&h=300&s=41F58A62D8D80DFD8A14F6BC03001015', '卡利亚里', '531205395', 'https://ss0.baidu.com/6ONWsjip0QIZ8tyhnq/it/u=410086694,3660716087&fm=58&app=10&f=PNG?w=275&h=332&s=00B559965EB009BD5A04F7E403007015', '2026-06-07 02:45:00', 'FT', 1, 2, NULL, NULL, 'juhe', '2026-05-26 21:11:52', '2026-06-07 17:43:39', 1593616186, NULL, NULL);
INSERT INTO `crawler_matches` VALUES (80, '1196479352', '意甲', 'SA', '维罗纳', '598239676', 'https://ss1.baidu.com/6ONXsjip0QIZ8tyhnq/it/u=3528031221,549432563&fm=58&app=10&f=PNG?w=100&h=100&s=61FDAF66ACF20DB57B33CF2D0200F05D', '罗马', '398826450', 'https://ss1.baidu.com/6ONXsjip0QIZ8tyhnq/it/u=871910492,2741969613&fm=58&app=10&f=PNG?w=100&h=100&s=0EC4C40208B431B14C3784A40300306B', '2026-06-07 02:45:00', 'FT', 0, 2, NULL, NULL, 'juhe', '2026-05-26 21:11:52', '2026-06-07 17:43:39', 1196479352, NULL, NULL);
INSERT INTO `crawler_matches` VALUES (81, '378402258', '意甲', 'SA', '莱切', '189201129', NULL, '热那亚', '126134086', 'https://ss1.baidu.com/6ONXsjip0QIZ8tyhnq/it/u=1968260215,1421482513&fm=58&app=10&f=PNG?w=277&h=294&s=2BA7CA0605643CBE5FA299200300A019', '2026-06-07 02:45:00', 'FT', 1, 0, NULL, NULL, 'juhe', '2026-05-26 21:11:52', '2026-06-07 17:44:18', 378402258, NULL, NULL);
INSERT INTO `crawler_matches` VALUES (82, '2146733450', '意甲', 'SA', '克雷莫纳', '1073366725', 'https://ss0.baidu.com/6ONWsjip0QIZ8tyhnq/it/u=213220048,434756551&fm=58&app=10&f=PNG?w=1200&h=1200&s=43361A62EAB219AF2E81BCEB03008015', '科莫', '715577816', 'https://ss1.baidu.com/6ONXsjip0QIZ8tyhnq/it/u=1118375208,2546143191&fm=58&app=10&f=PNG?w=200&h=207&s=2A91E10068B40DBF4CB3B54603001099', '2026-06-07 02:45:00', 'FT', 1, 4, NULL, NULL, 'juhe', '2026-05-26 21:11:52', '2026-06-07 17:43:39', 2146733450, NULL, NULL);
INSERT INTO `crawler_matches` VALUES (83, '185453430', '意甲', 'SA', '都灵', '92726715', 'https://ss2.baidu.com/6ONYsjip0QIZ8tyhnq/it/u=2677249372,459083076&fm=58&app=10&f=PNG?w=300&h=300&s=89E6C6062EF009BD0517FBBA03001019', '尤文图斯', '61817810', NULL, '2026-06-07 03:45:00', 'FT', 2, 2, NULL, NULL, 'juhe', '2026-05-26 21:11:52', '2026-06-07 17:44:18', 185453430, NULL, NULL);
INSERT INTO `crawler_matches` VALUES (104, 'ext-20260529-001', 'International Friendly', 'FRIENDLY', '伊朗', 'IRN', 'https://upload.wikimedia.org/wikipedia/commons/thumb/7/7d/Iran_national_football_team.svg/512px-Iran_national_football_team.svg.png', '冈比亚', 'GAM', 'https://upload.wikimedia.org/wikipedia/en/thumb/0/0c/Gambia_Football_Federation_logo.png/512px-Gambia_Football_Federation_logo.png', '2026-05-29 23:30:00', 'NS', NULL, NULL, 'Mardan Stadyumu, Antalya', '热身赛', 'seed', '2026-05-28 14:24:40', '2026-06-07 17:44:06', 2001, '世界杯备战热身', 1);
INSERT INTO `crawler_matches` VALUES (105, '105', 'International Friendly', 'FRIENDLY', '安道尔', 'AND', 'https://upload.wikimedia.org/wikipedia/en/thumb/b/bb/Andorra_national_football_team_logo.png/512px-Andorra_national_football_team_logo.png', '伊拉克', 'IRQ', 'https://upload.wikimedia.org/wikipedia/commons/thumb/7/7d/Iraq_Football_Association_logo.png/512px-Iraq_Football_Association_logo.png', '2026-05-30 00:00:00', 'NS', NULL, NULL, NULL, NULL, 'seed', '2026-05-28 14:24:40', '2026-06-07 17:44:18', 105, '世界杯备战热身', 1);
INSERT INTO `crawler_matches` VALUES (106, '106', 'International Friendly', 'FRIENDLY', '南非', 'RSA', 'https://upload.wikimedia.org/wikipedia/commons/thumb/0/0f/Football_Association_of_South_Africa_logo.png/512px-Football_Association_of_South_Africa_logo.png', '尼加拉瓜', 'NCA', 'https://upload.wikimedia.org/wikipedia/commons/thumb/8/84/Nicaragua_national_football_team_logo.png/512px-Nicaragua_national_football_team_logo.png', '2026-05-30 00:00:00', 'NS', NULL, NULL, NULL, NULL, 'seed', '2026-05-28 14:24:40', '2026-06-07 17:44:18', 106, '世界杯备战热身', 1);
INSERT INTO `crawler_matches` VALUES (107, 'ext-20260601-004', 'International Friendly', 'FRIENDLY', '保加利亚', 'BUL', 'https://upload.wikimedia.org/wikipedia/commons/thumb/7/7c/Bulgarian_Football_Union_logo.png/512px-Bulgarian_Football_Union_logo.png', '黑山', 'MNE', 'https://upload.wikimedia.org/wikipedia/commons/thumb/d/d8/Fudbalski_savez_Crne_Gore_logo.png/512px-Fudbalski_savez_Crne_Gore_logo.png', '2026-06-01 12:00:00', 'NS', NULL, NULL, 'Various', '热身赛', 'seed', '2026-05-28 14:24:40', '2026-06-07 17:44:06', 2004, '世界杯备战热身', 1);
INSERT INTO `crawler_matches` VALUES (108, 'ext-20260603-005', 'FIFA World Cup', 'WC', '美国', 'USA', 'https://upload.wikimedia.org/wikipedia/commons/thumb/5/5d/US_Soccer_2016_logo.svg/512px-US_Soccer_2016_logo.svg.png', '土耳其', 'TUR', 'https://upload.wikimedia.org/wikipedia/commons/thumb/3/32/Turkish_Football_Federation_logo.png/512px-Turkish_Football_Federation_logo.png', '2026-06-03 20:00:00', 'NS', NULL, NULL, 'Various', '热身赛', 'seed', '2026-05-28 14:24:40', '2026-06-07 17:44:02', 2005, '世界杯备战热身', 1);
INSERT INTO `crawler_matches` VALUES (109, 'ext-20260605-006', 'International Friendly', 'FRIENDLY', '海地', 'HAI', 'https://upload.wikimedia.org/wikipedia/commons/thumb/3/33/Haitian_Football_Federation_logo.png/512px-Haitian_Football_Federation_logo.png', '新西兰', 'NZL', 'https://upload.wikimedia.org/wikipedia/commons/thumb/1/14/New_Zealand_Football_Logo.png/512px-New_Zealand_Football_Logo.png', '2026-06-05 19:30:00', 'NS', NULL, NULL, 'Various', '热身赛', 'seed', '2026-05-28 14:24:40', '2026-06-07 17:44:06', 2006, '世界杯备战热身', 1);
INSERT INTO `crawler_matches` VALUES (110, 'ext-20260611-007', 'FIFA World Cup', 'WC', '墨西哥', 'MEX', 'https://upload.wikimedia.org/wikipedia/commons/thumb/f/f5/Mexico_national_football_team_logo.png/512px-Mexico_national_football_team_logo.png', '南非', 'RSA', 'https://upload.wikimedia.org/wikipedia/commons/thumb/0/0f/Football_Association_of_South_Africa_logo.png/512px-Football_Association_of_South_Africa_logo.png', '2026-06-11 15:00:00', 'NS', NULL, NULL, 'Estadio Azteca, Mexico City', '小组赛', 'seed', '2026-05-28 14:24:40', '2026-06-07 17:44:02', 2007, '世界杯揭幕战 Group A', 1);
INSERT INTO `crawler_matches` VALUES (111, 'ext-20260611-008', 'FIFA World Cup', 'WC', '韩国', 'KOR', 'https://upload.wikimedia.org/wikipedia/commons/thumb/9/94/Korea_Football_Association_logo.png/512px-Korea_Football_Association_logo.png', '捷克', 'CZE', 'https://upload.wikimedia.org/wikipedia/commons/thumb/3/3c/FAČR_logo.png/512px-FA%C4%8CR_logo.png', '2026-06-11 22:00:00', 'NS', NULL, NULL, 'Estadio Akron, Guadalajara', '小组赛', 'seed', '2026-05-28 14:24:40', '2026-06-07 17:44:02', 2008, 'Group A', 1);
INSERT INTO `crawler_matches` VALUES (112, 'ext-20260612-009', 'FIFA World Cup', 'WC', '加拿大', 'CAN', 'https://upload.wikimedia.org/wikipedia/en/thumb/2/2e/Canada_soccer.png/512px-Canada_soccer.png', '波黑', 'BIH', 'https://upload.wikimedia.org/wikipedia/commons/thumb/2/2b/Fudbalski_savez_Bosne_i_Hercegovine_logo.png/512px-Fudbalski_savez_Bosne_i_Hercegovine_logo.png', '2026-06-12 15:00:00', 'NS', NULL, NULL, 'BMO Field, Toronto', '小组赛', 'seed', '2026-05-28 14:24:40', '2026-06-07 17:44:02', 2009, 'Group B', 1);
INSERT INTO `crawler_matches` VALUES (113, 'ext-20260612-010', 'FIFA World Cup', 'WC', '美国', 'USA', 'https://upload.wikimedia.org/wikipedia/commons/thumb/5/5d/US_Soccer_2016_logo.svg/512px-US_Soccer_2016_logo.svg.png', '巴拉圭', 'PAR', 'https://upload.wikimedia.org/wikipedia/commons/thumb/d/d6/Asociaci%C3%B3n_Paraguaya_de_F%C3%BAtbol_logo.png/512px-Asociaci%C3%B3n_Paraguaya_de_F%C3%BAtbol_logo.png', '2026-06-12 21:00:00', 'NS', NULL, NULL, 'SoFi Stadium, Los Angeles', '小组赛', 'seed', '2026-05-28 14:24:40', '2026-06-07 17:44:02', 2010, '东道主揭幕战 Group D', 1);
INSERT INTO `crawler_matches` VALUES (114, '258098644', '意甲', 'SA', '国际米兰', '129049322', 'https://ss0.baidu.com/6ONWsjip0QIZ8tyhnq/it/u=1257166060,688465512&fm=58&app=10&f=PNG?w=300&h=300&s=42B1A962FCBAAFB55697C2D30300109D', '蒙扎', '86032881', 'https://ss0.baidu.com/6ONWsjip0QIZ8tyhnq/it/u=3545059955,1240828820&fm=58&app=10&f=PNG?w=800&h=1123&s=41B7AA76CC921DF94E37F6B80300301F', '2026-06-07 00:30:00', 'NS', NULL, NULL, NULL, NULL, 'juhe', '2026-06-07 10:49:41', '2026-06-07 17:43:39', 258098644, NULL, NULL);
INSERT INTO `crawler_matches` VALUES (115, '1298224557', '意甲', 'SA', '弗罗西诺内', '649112278', 'https://ss0.baidu.com/6ONWsjip0QIZ8tyhnq/it/u=3700514799,2855705923&fm=58&app=10&f=PNG?w=273&h=273&s=E365B3464E7021BD5926491A0300D0D2', '尤文图斯', '432741519', NULL, '2026-06-07 00:30:00', 'NS', NULL, NULL, NULL, NULL, 'juhe', '2026-06-07 10:49:41', '2026-06-07 17:44:18', 1298224557, NULL, NULL);
INSERT INTO `crawler_matches` VALUES (116, '435626766', '意甲', 'SA', '罗马', '217813383', 'https://ss1.baidu.com/6ONXsjip0QIZ8tyhnq/it/u=871910492,2741969613&fm=58&app=10&f=PNG?w=100&h=100&s=0EC4C40208B431B14C3784A40300306B', '佛罗伦萨', '145208922', 'https://ss1.baidu.com/6ONXsjip0QIZ8tyhnq/it/u=1875468495,1106454263&fm=58&app=10&f=PNG?w=400&h=400&s=4A603A62CA9605E513AC66FB03005095', '2026-06-07 00:30:00', 'NS', NULL, NULL, NULL, NULL, 'juhe', '2026-06-07 10:49:41', '2026-06-07 17:43:39', 435626766, NULL, NULL);
INSERT INTO `crawler_matches` VALUES (117, '1214983877', '意甲', 'SA', '热那亚', '607491938', 'https://ss1.baidu.com/6ONXsjip0QIZ8tyhnq/it/u=1968260215,1421482513&fm=58&app=10&f=PNG?w=277&h=294&s=2BA7CA0605643CBE5FA299200300A019', '那不勒斯', '404994625', 'https://ss0.baidu.com/6ONWsjip0QIZ8tyhnq/it/u=3509556260,1730818049&fm=58&app=10&f=PNG?w=225&h=225&s=8BA4D306508368FA59022353030080BA', '2026-06-07 00:30:00', 'NS', NULL, NULL, NULL, NULL, 'juhe', '2026-06-07 10:49:41', '2026-06-07 17:43:39', 1214983877, NULL, NULL);
INSERT INTO `crawler_matches` VALUES (118, '1487737814', '意甲', 'SA', '都灵', '743868907', 'https://ss2.baidu.com/6ONYsjip0QIZ8tyhnq/it/u=2677249372,459083076&fm=58&app=10&f=PNG?w=300&h=300&s=89E6C6062EF009BD0517FBBA03001019', 'AC米兰', '495912604', 'https://ss1.baidu.com/6ONXsjip0QIZ8tyhnq/it/u=4246402492,1061669681&fm=58&app=10&f=PNG?w=300&h=300&s=41F58A62D8D80DFD8A14F6BC03001015', '2026-06-07 00:30:00', 'NS', NULL, NULL, NULL, NULL, 'juhe', '2026-06-07 10:49:41', '2026-06-07 17:43:39', 1487737814, NULL, NULL);
INSERT INTO `crawler_matches` VALUES (119, '513303924', '意甲', 'SA', '博洛尼亚', '256651962', NULL, '拉齐奥', '171101308', 'https://ss0.baidu.com/6ONWsjip0QIZ8tyhnq/it/u=809496219,2071404746&fm=58&app=10&f=PNG?w=300&h=300&s=63F1A366E5A225AF4124D132030010D3', '2026-06-07 00:30:00', 'NS', NULL, NULL, NULL, NULL, 'juhe', '2026-06-07 10:49:41', '2026-06-07 17:44:18', 513303924, NULL, NULL);
INSERT INTO `crawler_matches` VALUES (120, '651427472', '意甲', 'SA', '亚特兰大', '325713736', 'https://ss0.baidu.com/6ONWsjip0QIZ8tyhnq/it/u=4198264962,2837429591&fm=58&app=10&f=PNG?w=300&h=300&s=2331CA228A910DF70F3235D90300D098', '萨索洛', '217142490', 'https://ss0.baidu.com/6ONWsjip0QIZ8tyhnq/it/u=1061238170,2737245396&fm=58&app=10&f=PNG?w=200&h=218&s=0FA8E2036CD205FF5401B702030070D5', '2026-06-07 00:30:00', 'NS', NULL, NULL, NULL, NULL, 'juhe', '2026-06-07 10:49:41', '2026-06-07 17:43:39', 651427472, NULL, NULL);
INSERT INTO `crawler_matches` VALUES (121, '996252820', '意甲', 'SA', '乌迪内斯', '498126410', 'https://ss1.baidu.com/6ONXsjip0QIZ8tyhnq/it/u=3248252766,1074719870&fm=58&app=10&f=PNG?w=100&h=100&s=5991E013319365E10E54C4CE03009030', '科莫', '332084273', 'https://ss1.baidu.com/6ONXsjip0QIZ8tyhnq/it/u=1118375208,2546143191&fm=58&app=10&f=PNG?w=200&h=207&s=2A91E10068B40DBF4CB3B54603001099', '2026-06-07 00:30:00', 'NS', NULL, NULL, NULL, NULL, 'juhe', '2026-06-07 10:49:41', '2026-06-07 17:43:39', 996252820, NULL, NULL);
INSERT INTO `crawler_matches` VALUES (122, '478436531', '意甲', 'SA', '帕尔马', '239218265', 'https://ss0.baidu.com/6ONWsjip0QIZ8tyhnq/it/u=2163929094,1885154763&fm=58&app=10&f=PNG?w=400&h=400&s=3A34E50282BD1BB9081D146E0300E060', '卡利亚里', '159478843', 'https://ss0.baidu.com/6ONWsjip0QIZ8tyhnq/it/u=410086694,3660716087&fm=58&app=10&f=PNG?w=275&h=332&s=00B559965EB009BD5A04F7E403007015', '2026-06-07 00:30:00', 'NS', NULL, NULL, NULL, NULL, 'juhe', '2026-06-07 10:49:41', '2026-06-07 17:43:39', 478436531, NULL, NULL);
INSERT INTO `crawler_matches` VALUES (123, '958099356', '意甲', 'SA', '威尼斯', '479049678', 'https://ss1.baidu.com/6ONXsjip0QIZ8tyhnq/it/u=1892377915,2359382140&fm=58&app=10&f=PNG?w=220&h=239&s=27908A6E6F5201DC5F78F1330300E051', '莱切', '319366452', NULL, '2026-06-07 00:30:00', 'NS', NULL, NULL, NULL, NULL, 'juhe', '2026-06-07 10:49:41', '2026-06-07 17:44:18', 958099356, NULL, NULL);
INSERT INTO `crawler_matches` VALUES (124, '33631167', '意甲', 'SA', '蒙扎', '16815583', 'https://ss0.baidu.com/6ONWsjip0QIZ8tyhnq/it/u=3545059955,1240828820&fm=58&app=10&f=PNG?w=800&h=1123&s=41B7AA76CC921DF94E37F6B80300301F', '乌迪内斯', '11210389', 'https://ss1.baidu.com/6ONXsjip0QIZ8tyhnq/it/u=3248252766,1074719870&fm=58&app=10&f=PNG?w=100&h=100&s=5991E013319365E10E54C4CE03009030', '2026-06-07 00:30:00', 'NS', NULL, NULL, NULL, NULL, 'juhe', '2026-06-07 10:49:41', '2026-06-07 17:43:39', 33631167, NULL, NULL);
INSERT INTO `crawler_matches` VALUES (125, '1669821983', '意甲', 'SA', '卡利亚里', '834910991', 'https://ss0.baidu.com/6ONWsjip0QIZ8tyhnq/it/u=410086694,3660716087&fm=58&app=10&f=PNG?w=275&h=332&s=00B559965EB009BD5A04F7E403007015', '国际米兰', '556607327', 'https://ss0.baidu.com/6ONWsjip0QIZ8tyhnq/it/u=1257166060,688465512&fm=58&app=10&f=PNG?w=300&h=300&s=42B1A962FCBAAFB55697C2D30300109D', '2026-06-07 00:30:00', 'NS', NULL, NULL, NULL, NULL, 'juhe', '2026-06-07 10:49:41', '2026-06-07 17:43:39', 1669821983, NULL, NULL);
INSERT INTO `crawler_matches` VALUES (126, '605620100', '意甲', 'SA', '莱切', '302810050', NULL, '罗马', '201873366', 'https://ss1.baidu.com/6ONXsjip0QIZ8tyhnq/it/u=871910492,2741969613&fm=58&app=10&f=PNG?w=100&h=100&s=0EC4C40208B431B14C3784A40300306B', '2026-06-07 00:30:00', 'NS', NULL, NULL, NULL, NULL, 'juhe', '2026-06-07 10:49:41', '2026-06-07 17:44:18', 605620100, NULL, NULL);
INSERT INTO `crawler_matches` VALUES (127, '1721925171', '意甲', 'SA', '那不勒斯', '860962585', 'https://ss0.baidu.com/6ONWsjip0QIZ8tyhnq/it/u=3509556260,1730818049&fm=58&app=10&f=PNG?w=225&h=225&s=8BA4D306508368FA59022353030080BA', '科莫', '573975057', 'https://ss1.baidu.com/6ONXsjip0QIZ8tyhnq/it/u=1118375208,2546143191&fm=58&app=10&f=PNG?w=200&h=207&s=2A91E10068B40DBF4CB3B54603001099', '2026-06-07 00:30:00', 'NS', NULL, NULL, NULL, NULL, 'juhe', '2026-06-07 10:49:41', '2026-06-07 17:43:39', 1721925171, NULL, NULL);
INSERT INTO `crawler_matches` VALUES (128, '1429617332', '意甲', 'SA', '尤文图斯', '714808666', NULL, '帕尔马', '476539110', 'https://ss0.baidu.com/6ONWsjip0QIZ8tyhnq/it/u=2163929094,1885154763&fm=58&app=10&f=PNG?w=400&h=400&s=3A34E50282BD1BB9081D146E0300E060', '2026-06-07 00:30:00', 'NS', NULL, NULL, NULL, NULL, 'juhe', '2026-06-07 10:49:41', '2026-06-07 17:44:18', 1429617332, NULL, NULL);
INSERT INTO `crawler_matches` VALUES (129, '1922349512', '意甲', 'SA', 'AC米兰', '961174756', 'https://ss1.baidu.com/6ONXsjip0QIZ8tyhnq/it/u=4246402492,1061669681&fm=58&app=10&f=PNG?w=300&h=300&s=41F58A62D8D80DFD8A14F6BC03001015', '威尼斯', '640783170', 'https://ss1.baidu.com/6ONXsjip0QIZ8tyhnq/it/u=1892377915,2359382140&fm=58&app=10&f=PNG?w=220&h=239&s=27908A6E6F5201DC5F78F1330300E051', '2026-06-07 00:30:00', 'NS', NULL, NULL, NULL, NULL, 'juhe', '2026-06-07 10:49:41', '2026-06-07 17:43:39', 1922349512, NULL, NULL);
INSERT INTO `crawler_matches` VALUES (130, '1101414175', '意甲', 'SA', '佛罗伦萨', '550707087', 'https://ss1.baidu.com/6ONXsjip0QIZ8tyhnq/it/u=1875468495,1106454263&fm=58&app=10&f=PNG?w=400&h=400&s=4A603A62CA9605E513AC66FB03005095', '弗罗西诺内', '367138058', 'https://ss0.baidu.com/6ONWsjip0QIZ8tyhnq/it/u=3700514799,2855705923&fm=58&app=10&f=PNG?w=273&h=273&s=E365B3464E7021BD5926491A0300D0D2', '2026-06-07 00:30:00', 'NS', NULL, NULL, NULL, NULL, 'juhe', '2026-06-07 10:49:41', '2026-06-07 17:43:39', 1101414175, NULL, NULL);
INSERT INTO `crawler_matches` VALUES (131, '502620345', '意甲', 'SA', '亚特兰大', '251310172', 'https://ss0.baidu.com/6ONWsjip0QIZ8tyhnq/it/u=4198264962,2837429591&fm=58&app=10&f=PNG?w=300&h=300&s=2331CA228A910DF70F3235D90300D098', '博洛尼亚', '167540115', NULL, '2026-06-07 00:30:00', 'NS', NULL, NULL, NULL, NULL, 'juhe', '2026-06-07 10:49:41', '2026-06-07 17:44:18', 502620345, NULL, NULL);
INSERT INTO `crawler_matches` VALUES (132, '702258529', '意甲', 'SA', '拉齐奥', '351129264', 'https://ss0.baidu.com/6ONWsjip0QIZ8tyhnq/it/u=809496219,2071404746&fm=58&app=10&f=PNG?w=300&h=300&s=63F1A366E5A225AF4124D132030010D3', '热那亚', '234086176', 'https://ss1.baidu.com/6ONXsjip0QIZ8tyhnq/it/u=1968260215,1421482513&fm=58&app=10&f=PNG?w=277&h=294&s=2BA7CA0605643CBE5FA299200300A019', '2026-06-07 00:30:00', 'NS', NULL, NULL, NULL, NULL, 'juhe', '2026-06-07 10:49:41', '2026-06-07 17:43:39', 702258529, NULL, NULL);
INSERT INTO `crawler_matches` VALUES (133, '393117941', '意甲', 'SA', '萨索洛', '196558970', 'https://ss0.baidu.com/6ONWsjip0QIZ8tyhnq/it/u=1061238170,2737245396&fm=58&app=10&f=PNG?w=200&h=218&s=0FA8E2036CD205FF5401B702030070D5', '都灵', '131039313', 'https://ss2.baidu.com/6ONYsjip0QIZ8tyhnq/it/u=2677249372,459083076&fm=58&app=10&f=PNG?w=300&h=300&s=89E6C6062EF009BD0517FBBA03001019', '2026-06-07 00:30:00', 'NS', NULL, NULL, NULL, NULL, 'juhe', '2026-06-07 10:49:41', '2026-06-07 17:43:39', 393117941, NULL, NULL);
INSERT INTO `crawler_matches` VALUES (134, '916395285', '意甲', 'SA', '尤文图斯', '458197642', NULL, 'AC米兰', '305465095', 'https://ss1.baidu.com/6ONXsjip0QIZ8tyhnq/it/u=4246402492,1061669681&fm=58&app=10&f=PNG?w=300&h=300&s=41F58A62D8D80DFD8A14F6BC03001015', '2026-06-07 00:30:00', 'NS', NULL, NULL, NULL, NULL, 'juhe', '2026-06-07 10:49:41', '2026-06-07 17:44:18', 916395285, NULL, NULL);
INSERT INTO `crawler_matches` VALUES (135, '1603369742', '意甲', 'SA', '国际米兰', '801684871', 'https://ss0.baidu.com/6ONWsjip0QIZ8tyhnq/it/u=1257166060,688465512&fm=58&app=10&f=PNG?w=300&h=300&s=42B1A962FCBAAFB55697C2D30300109D', '那不勒斯', '534456580', 'https://ss0.baidu.com/6ONWsjip0QIZ8tyhnq/it/u=3509556260,1730818049&fm=58&app=10&f=PNG?w=225&h=225&s=8BA4D306508368FA59022353030080BA', '2026-06-07 00:30:00', 'NS', NULL, NULL, NULL, NULL, 'juhe', '2026-06-07 10:49:41', '2026-06-07 17:43:39', 1603369742, NULL, NULL);
INSERT INTO `crawler_matches` VALUES (136, '881921287', '意甲', 'SA', '帕尔马', '440960643', 'https://ss0.baidu.com/6ONWsjip0QIZ8tyhnq/it/u=2163929094,1885154763&fm=58&app=10&f=PNG?w=400&h=400&s=3A34E50282BD1BB9081D146E0300E060', '蒙扎', '293973762', 'https://ss0.baidu.com/6ONWsjip0QIZ8tyhnq/it/u=3545059955,1240828820&fm=58&app=10&f=PNG?w=800&h=1123&s=41B7AA76CC921DF94E37F6B80300301F', '2026-06-07 00:30:00', 'NS', NULL, NULL, NULL, NULL, 'juhe', '2026-06-07 10:49:41', '2026-06-07 17:43:39', 881921287, NULL, NULL);
INSERT INTO `crawler_matches` VALUES (137, '406919484', '意甲', 'SA', '罗马', '203459742', 'https://ss1.baidu.com/6ONXsjip0QIZ8tyhnq/it/u=871910492,2741969613&fm=58&app=10&f=PNG?w=100&h=100&s=0EC4C40208B431B14C3784A40300306B', '亚特兰大', '135639828', 'https://ss0.baidu.com/6ONWsjip0QIZ8tyhnq/it/u=4198264962,2837429591&fm=58&app=10&f=PNG?w=300&h=300&s=2331CA228A910DF70F3235D90300D098', '2026-06-07 00:30:00', 'NS', NULL, NULL, NULL, NULL, 'juhe', '2026-06-07 10:49:41', '2026-06-07 17:43:39', 406919484, NULL, NULL);
INSERT INTO `crawler_matches` VALUES (138, '723424678', '意甲', 'SA', '博洛尼亚', '361712339', NULL, '萨索洛', '241141559', 'https://ss0.baidu.com/6ONWsjip0QIZ8tyhnq/it/u=1061238170,2737245396&fm=58&app=10&f=PNG?w=200&h=218&s=0FA8E2036CD205FF5401B702030070D5', '2026-06-07 00:30:00', 'NS', NULL, NULL, NULL, NULL, 'juhe', '2026-06-07 10:49:41', '2026-06-07 17:44:18', 723424678, NULL, NULL);
INSERT INTO `crawler_matches` VALUES (139, '1602078905', '意甲', 'SA', '乌迪内斯', '801039452', 'https://ss1.baidu.com/6ONXsjip0QIZ8tyhnq/it/u=3248252766,1074719870&fm=58&app=10&f=PNG?w=100&h=100&s=5991E013319365E10E54C4CE03009030', '拉齐奥', '534026301', 'https://ss0.baidu.com/6ONWsjip0QIZ8tyhnq/it/u=809496219,2071404746&fm=58&app=10&f=PNG?w=300&h=300&s=63F1A366E5A225AF4124D132030010D3', '2026-06-07 00:30:00', 'NS', NULL, NULL, NULL, NULL, 'juhe', '2026-06-07 10:49:41', '2026-06-07 17:43:39', 1602078905, NULL, NULL);
INSERT INTO `crawler_matches` VALUES (140, '1028358100', '意甲', 'SA', '佛罗伦萨', '514179050', 'https://ss1.baidu.com/6ONXsjip0QIZ8tyhnq/it/u=1875468495,1106454263&fm=58&app=10&f=PNG?w=400&h=400&s=4A603A62CA9605E513AC66FB03005095', '都灵', '342786033', 'https://ss2.baidu.com/6ONYsjip0QIZ8tyhnq/it/u=2677249372,459083076&fm=58&app=10&f=PNG?w=300&h=300&s=89E6C6062EF009BD0517FBBA03001019', '2026-06-07 00:30:00', 'NS', NULL, NULL, NULL, NULL, 'juhe', '2026-06-07 10:49:41', '2026-06-07 17:43:39', 1028358100, NULL, NULL);
INSERT INTO `crawler_matches` VALUES (141, '1406323579', '意甲', 'SA', '弗罗西诺内', '703161789', 'https://ss0.baidu.com/6ONWsjip0QIZ8tyhnq/it/u=3700514799,2855705923&fm=58&app=10&f=PNG?w=273&h=273&s=E365B3464E7021BD5926491A0300D0D2', '威尼斯', '468774526', 'https://ss1.baidu.com/6ONXsjip0QIZ8tyhnq/it/u=1892377915,2359382140&fm=58&app=10&f=PNG?w=220&h=239&s=27908A6E6F5201DC5F78F1330300E051', '2026-06-07 00:30:00', 'NS', NULL, NULL, NULL, NULL, 'juhe', '2026-06-07 10:49:41', '2026-06-07 17:43:39', 1406323579, NULL, NULL);
INSERT INTO `crawler_matches` VALUES (142, '2030159071', '意甲', 'SA', '热那亚', '1015079535', 'https://ss1.baidu.com/6ONXsjip0QIZ8tyhnq/it/u=1968260215,1421482513&fm=58&app=10&f=PNG?w=277&h=294&s=2BA7CA0605643CBE5FA299200300A019', '科莫', '676719690', 'https://ss1.baidu.com/6ONXsjip0QIZ8tyhnq/it/u=1118375208,2546143191&fm=58&app=10&f=PNG?w=200&h=207&s=2A91E10068B40DBF4CB3B54603001099', '2026-06-07 00:30:00', 'NS', NULL, NULL, NULL, NULL, 'juhe', '2026-06-07 10:49:41', '2026-06-07 17:43:39', 2030159071, NULL, NULL);
INSERT INTO `crawler_matches` VALUES (143, '376150840', '意甲', 'SA', '卡利亚里', '188075420', 'https://ss0.baidu.com/6ONWsjip0QIZ8tyhnq/it/u=410086694,3660716087&fm=58&app=10&f=PNG?w=275&h=332&s=00B559965EB009BD5A04F7E403007015', '莱切', '125383613', NULL, '2026-06-07 00:30:00', 'NS', NULL, NULL, NULL, NULL, 'juhe', '2026-06-07 10:49:41', '2026-06-07 17:44:18', 376150840, NULL, NULL);
INSERT INTO `crawler_matches` VALUES (144, '1719585093', '意甲', 'SA', '莱切', '859792546', NULL, '蒙扎', '573195031', 'https://ss0.baidu.com/6ONWsjip0QIZ8tyhnq/it/u=3545059955,1240828820&fm=58&app=10&f=PNG?w=800&h=1123&s=41B7AA76CC921DF94E37F6B80300301F', '2026-06-07 00:30:00', 'NS', NULL, NULL, NULL, NULL, 'juhe', '2026-06-07 10:49:41', '2026-06-07 17:44:18', 1719585093, NULL, NULL);
INSERT INTO `crawler_matches` VALUES (145, '1415831135', '意甲', 'SA', '拉齐奥', '707915567', 'https://ss0.baidu.com/6ONWsjip0QIZ8tyhnq/it/u=809496219,2071404746&fm=58&app=10&f=PNG?w=300&h=300&s=63F1A366E5A225AF4124D132030010D3', 'AC米兰', '471943711', 'https://ss1.baidu.com/6ONXsjip0QIZ8tyhnq/it/u=4246402492,1061669681&fm=58&app=10&f=PNG?w=300&h=300&s=41F58A62D8D80DFD8A14F6BC03001015', '2026-06-07 00:30:00', 'NS', NULL, NULL, NULL, NULL, 'juhe', '2026-06-07 10:49:41', '2026-06-07 17:43:39', 1415831135, NULL, NULL);
INSERT INTO `crawler_matches` VALUES (146, '1235334350', '意甲', 'SA', '那不勒斯', '617667175', 'https://ss0.baidu.com/6ONWsjip0QIZ8tyhnq/it/u=3509556260,1730818049&fm=58&app=10&f=PNG?w=225&h=225&s=8BA4D306508368FA59022353030080BA', '博洛尼亚', '411778116', NULL, '2026-06-07 00:30:00', 'NS', NULL, NULL, NULL, NULL, 'juhe', '2026-06-07 10:49:41', '2026-06-07 17:44:18', 1235334350, NULL, NULL);
INSERT INTO `crawler_matches` VALUES (147, '879248120', '意甲', 'SA', '萨索洛', '439624060', 'https://ss0.baidu.com/6ONWsjip0QIZ8tyhnq/it/u=1061238170,2737245396&fm=58&app=10&f=PNG?w=200&h=218&s=0FA8E2036CD205FF5401B702030070D5', '尤文图斯', '293082706', NULL, '2026-06-07 00:30:00', 'NS', NULL, NULL, NULL, NULL, 'juhe', '2026-06-07 10:49:41', '2026-06-07 17:44:18', 879248120, NULL, NULL);
INSERT INTO `crawler_matches` VALUES (148, '696337165', '意甲', 'SA', '都灵', '348168582', 'https://ss2.baidu.com/6ONYsjip0QIZ8tyhnq/it/u=2677249372,459083076&fm=58&app=10&f=PNG?w=300&h=300&s=89E6C6062EF009BD0517FBBA03001019', '罗马', '232112388', 'https://ss1.baidu.com/6ONXsjip0QIZ8tyhnq/it/u=871910492,2741969613&fm=58&app=10&f=PNG?w=100&h=100&s=0EC4C40208B431B14C3784A40300306B', '2026-06-07 00:30:00', 'NS', NULL, NULL, NULL, NULL, 'juhe', '2026-06-07 10:49:41', '2026-06-07 17:43:39', 696337165, NULL, NULL);
INSERT INTO `crawler_matches` VALUES (149, '794086441', '意甲', 'SA', '国际米兰', '397043220', 'https://ss0.baidu.com/6ONWsjip0QIZ8tyhnq/it/u=1257166060,688465512&fm=58&app=10&f=PNG?w=300&h=300&s=42B1A962FCBAAFB55697C2D30300109D', '乌迪内斯', '264695480', 'https://ss1.baidu.com/6ONXsjip0QIZ8tyhnq/it/u=3248252766,1074719870&fm=58&app=10&f=PNG?w=100&h=100&s=5991E013319365E10E54C4CE03009030', '2026-06-07 00:30:00', 'NS', NULL, NULL, NULL, NULL, 'juhe', '2026-06-07 10:49:41', '2026-06-07 17:43:39', 794086441, NULL, NULL);
INSERT INTO `crawler_matches` VALUES (150, '1508366785', '意甲', 'SA', '热那亚', '754183392', 'https://ss1.baidu.com/6ONXsjip0QIZ8tyhnq/it/u=1968260215,1421482513&fm=58&app=10&f=PNG?w=277&h=294&s=2BA7CA0605643CBE5FA299200300A019', '弗罗西诺内', '502788928', 'https://ss0.baidu.com/6ONWsjip0QIZ8tyhnq/it/u=3700514799,2855705923&fm=58&app=10&f=PNG?w=273&h=273&s=E365B3464E7021BD5926491A0300D0D2', '2026-06-07 00:30:00', 'NS', NULL, NULL, NULL, NULL, 'juhe', '2026-06-07 10:49:41', '2026-06-07 17:43:39', 1508366785, NULL, NULL);
INSERT INTO `crawler_matches` VALUES (151, '1287877740', '意甲', 'SA', '亚特兰大', '643938870', 'https://ss0.baidu.com/6ONWsjip0QIZ8tyhnq/it/u=4198264962,2837429591&fm=58&app=10&f=PNG?w=300&h=300&s=2331CA228A910DF70F3235D90300D098', '卡利亚里', '429292580', 'https://ss0.baidu.com/6ONWsjip0QIZ8tyhnq/it/u=410086694,3660716087&fm=58&app=10&f=PNG?w=275&h=332&s=00B559965EB009BD5A04F7E403007015', '2026-06-07 00:30:00', 'NS', NULL, NULL, NULL, NULL, 'juhe', '2026-06-07 10:49:41', '2026-06-07 17:43:39', 1287877740, NULL, NULL);
INSERT INTO `crawler_matches` VALUES (152, '2056867068', '意甲', 'SA', '威尼斯', '1028433534', 'https://ss1.baidu.com/6ONXsjip0QIZ8tyhnq/it/u=1892377915,2359382140&fm=58&app=10&f=PNG?w=220&h=239&s=27908A6E6F5201DC5F78F1330300E051', '佛罗伦萨', '685622356', 'https://ss1.baidu.com/6ONXsjip0QIZ8tyhnq/it/u=1875468495,1106454263&fm=58&app=10&f=PNG?w=400&h=400&s=4A603A62CA9605E513AC66FB03005095', '2026-06-07 00:30:00', 'NS', NULL, NULL, NULL, NULL, 'juhe', '2026-06-07 10:49:41', '2026-06-07 17:43:39', 2056867068, NULL, NULL);
INSERT INTO `crawler_matches` VALUES (153, '1820192664', '意甲', 'SA', '科莫', '910096332', 'https://ss1.baidu.com/6ONXsjip0QIZ8tyhnq/it/u=1118375208,2546143191&fm=58&app=10&f=PNG?w=200&h=207&s=2A91E10068B40DBF4CB3B54603001099', '帕尔马', '606730888', 'https://ss0.baidu.com/6ONWsjip0QIZ8tyhnq/it/u=2163929094,1885154763&fm=58&app=10&f=PNG?w=400&h=400&s=3A34E50282BD1BB9081D146E0300E060', '2026-06-07 00:30:00', 'NS', NULL, NULL, NULL, NULL, 'juhe', '2026-06-07 10:49:41', '2026-06-07 17:43:39', 1820192664, NULL, NULL);

-- ----------------------------
-- Table structure for crawler_standings
-- ----------------------------
DROP TABLE IF EXISTS `crawler_standings`;
CREATE TABLE `crawler_standings`  (
  `id` bigint(20) NOT NULL AUTO_INCREMENT COMMENT '主键ID',
  `league_name` varchar(100) CHARACTER SET utf8mb4 COLLATE utf8mb4_unicode_ci NULL DEFAULT NULL COMMENT '联赛名称',
  `league_id` varchar(32) CHARACTER SET utf8mb4 COLLATE utf8mb4_unicode_ci NULL DEFAULT NULL COMMENT '联赛ID',
  `season` varchar(20) CHARACTER SET utf8mb4 COLLATE utf8mb4_unicode_ci NULL DEFAULT NULL COMMENT '赛季，如 2023/2024',
  `team_name` varchar(100) CHARACTER SET utf8mb4 COLLATE utf8mb4_unicode_ci NULL DEFAULT NULL COMMENT '球队名称',
  `team_id` varchar(32) CHARACTER SET utf8mb4 COLLATE utf8mb4_unicode_ci NULL DEFAULT NULL COMMENT '球队ID',
  `team_logo` varchar(500) CHARACTER SET utf8mb4 COLLATE utf8mb4_unicode_ci NULL DEFAULT NULL COMMENT '球队Logo',
  `rank` int(11) NULL DEFAULT NULL COMMENT '排名',
  `played` int(11) NULL DEFAULT 0 COMMENT '场次',
  `wins` int(11) NULL DEFAULT 0 COMMENT '胜',
  `draws` int(11) NULL DEFAULT 0 COMMENT '平',
  `losses` int(11) NULL DEFAULT 0 COMMENT '负',
  `goals_for` int(11) NULL DEFAULT 0 COMMENT '进球',
  `goals_against` int(11) NULL DEFAULT 0 COMMENT '失球',
  `goal_difference` int(11) NULL DEFAULT 0 COMMENT '净胜球',
  `points` int(11) NULL DEFAULT 0 COMMENT '积分',
  `source` varchar(50) CHARACTER SET utf8mb4 COLLATE utf8mb4_unicode_ci NULL DEFAULT 'zq123' COMMENT '数据来源',
  `created_at` datetime NULL DEFAULT CURRENT_TIMESTAMP COMMENT '创建时间',
  `updated_at` datetime NULL DEFAULT CURRENT_TIMESTAMP ON UPDATE CURRENT_TIMESTAMP COMMENT '更新时间',
  PRIMARY KEY (`id`) USING BTREE,
  INDEX `idx_league_season`(`league_id`, `season`) USING BTREE,
  INDEX `idx_rank`(`rank`) USING BTREE
) ENGINE = InnoDB AUTO_INCREMENT = 41 CHARACTER SET = utf8mb4 COLLATE = utf8mb4_unicode_ci COMMENT = '爬取的积分榜数据表' ROW_FORMAT = Dynamic;

-- ----------------------------
-- Records of crawler_standings
-- ----------------------------
INSERT INTO `crawler_standings` VALUES (1, '英超', '39', '2026', '阿森纳', NULL, '', 1, 37, 25, 7, 5, 69, 26, 43, 82, 'juhe', '2026-05-22 09:22:49', '2026-05-22 09:22:49');
INSERT INTO `crawler_standings` VALUES (2, '英超', '39', '2026', '曼城', NULL, '', 2, 37, 23, 9, 5, 76, 33, 43, 78, 'juhe', '2026-05-22 09:22:49', '2026-05-22 09:22:49');
INSERT INTO `crawler_standings` VALUES (3, '英超', '39', '2026', '曼联', NULL, '', 3, 37, 19, 11, 7, 66, 50, 16, 68, 'juhe', '2026-05-22 09:22:49', '2026-05-22 09:22:49');
INSERT INTO `crawler_standings` VALUES (4, '英超', '39', '2026', '阿斯顿维拉', NULL, '', 4, 37, 18, 8, 11, 54, 48, 6, 62, 'juhe', '2026-05-22 09:22:49', '2026-05-22 09:22:49');
INSERT INTO `crawler_standings` VALUES (5, '英超', '39', '2026', '利物浦', NULL, '', 5, 37, 17, 8, 12, 62, 52, 10, 59, 'juhe', '2026-05-22 09:22:49', '2026-05-22 09:22:49');
INSERT INTO `crawler_standings` VALUES (6, '英超', '39', '2026', '伯恩茅斯', NULL, '', 6, 37, 13, 17, 7, 57, 53, 4, 56, 'juhe', '2026-05-22 09:22:49', '2026-05-22 09:22:49');
INSERT INTO `crawler_standings` VALUES (7, '英超', '39', '2026', '布莱顿', NULL, '', 7, 37, 14, 11, 12, 52, 43, 9, 53, 'juhe', '2026-05-22 09:22:49', '2026-05-22 09:22:49');
INSERT INTO `crawler_standings` VALUES (8, '英超', '39', '2026', '切尔西', NULL, '', 8, 37, 14, 10, 13, 57, 50, 7, 52, 'juhe', '2026-05-22 09:22:49', '2026-05-22 09:22:49');
INSERT INTO `crawler_standings` VALUES (9, '英超', '39', '2026', '布伦特福德', NULL, '', 9, 37, 14, 10, 13, 54, 51, 3, 52, 'juhe', '2026-05-22 09:22:49', '2026-05-22 09:22:49');
INSERT INTO `crawler_standings` VALUES (10, '英超', '39', '2026', '桑德兰', NULL, '', 10, 37, 13, 12, 12, 40, 47, -7, 51, 'juhe', '2026-05-22 09:22:49', '2026-05-22 09:22:49');
INSERT INTO `crawler_standings` VALUES (11, '英超', '39', '2026', '纽卡斯尔联', NULL, '', 11, 37, 14, 7, 16, 53, 53, 0, 49, 'juhe', '2026-05-22 09:22:49', '2026-05-22 09:22:49');
INSERT INTO `crawler_standings` VALUES (12, '英超', '39', '2026', '埃弗顿', NULL, '', 12, 37, 13, 10, 14, 47, 49, -2, 49, 'juhe', '2026-05-22 09:22:49', '2026-05-22 09:22:49');
INSERT INTO `crawler_standings` VALUES (13, '英超', '39', '2026', '富勒姆', NULL, '', 13, 37, 14, 7, 16, 45, 51, -6, 49, 'juhe', '2026-05-22 09:22:49', '2026-05-22 09:22:49');
INSERT INTO `crawler_standings` VALUES (14, '英超', '39', '2026', '利兹联', NULL, '', 14, 37, 11, 14, 12, 49, 53, -4, 47, 'juhe', '2026-05-22 09:22:49', '2026-05-22 09:22:49');
INSERT INTO `crawler_standings` VALUES (15, '英超', '39', '2026', '水晶宫', NULL, '', 15, 37, 11, 12, 14, 40, 49, -9, 45, 'juhe', '2026-05-22 09:22:49', '2026-05-22 09:22:49');
INSERT INTO `crawler_standings` VALUES (16, '英超', '39', '2026', '诺丁汉森林', NULL, '', 16, 37, 11, 10, 16, 47, 50, -3, 43, 'juhe', '2026-05-22 09:22:49', '2026-05-22 09:22:49');
INSERT INTO `crawler_standings` VALUES (17, '英超', '39', '2026', '托特纳姆热刺', NULL, '', 17, 37, 9, 11, 17, 47, 57, -10, 38, 'juhe', '2026-05-22 09:22:49', '2026-05-22 09:22:49');
INSERT INTO `crawler_standings` VALUES (18, '英超', '39', '2026', '西汉姆联', NULL, '', 18, 37, 9, 9, 19, 43, 65, -22, 36, 'juhe', '2026-05-22 09:22:49', '2026-05-22 09:22:49');
INSERT INTO `crawler_standings` VALUES (19, '英超', '39', '2026', '伯恩利', NULL, '', 19, 37, 4, 9, 24, 37, 74, -37, 21, 'juhe', '2026-05-22 09:22:49', '2026-05-22 09:22:49');
INSERT INTO `crawler_standings` VALUES (20, '英超', '39', '2026', '狼队', NULL, '', 20, 37, 3, 10, 24, 26, 67, -41, 19, 'juhe', '2026-05-22 09:22:49', '2026-05-22 09:22:49');
INSERT INTO `crawler_standings` VALUES (21, '西甲', '140', '2026', '巴塞罗那', NULL, '', 1, 37, 31, 1, 5, 94, 33, 61, 94, 'juhe', '2026-05-22 09:23:44', '2026-05-22 09:23:44');
INSERT INTO `crawler_standings` VALUES (22, '西甲', '140', '2026', '皇家马德里', NULL, '', 2, 37, 26, 5, 6, 73, 33, 40, 83, 'juhe', '2026-05-22 09:23:44', '2026-05-22 09:23:44');
INSERT INTO `crawler_standings` VALUES (23, '西甲', '140', '2026', '比利亚雷亚尔', NULL, '', 3, 37, 21, 6, 10, 67, 45, 22, 69, 'juhe', '2026-05-22 09:23:44', '2026-05-22 09:23:44');
INSERT INTO `crawler_standings` VALUES (24, '西甲', '140', '2026', '马德里竞技', NULL, '', 4, 37, 21, 6, 10, 61, 39, 22, 69, 'juhe', '2026-05-22 09:23:44', '2026-05-22 09:23:44');
INSERT INTO `crawler_standings` VALUES (25, '西甲', '140', '2026', '皇家贝蒂斯', NULL, '', 5, 37, 14, 15, 8, 57, 47, 10, 57, 'juhe', '2026-05-22 09:23:44', '2026-05-22 09:23:44');
INSERT INTO `crawler_standings` VALUES (26, '西甲', '140', '2026', '塞尔塔', NULL, '', 6, 37, 13, 12, 12, 52, 48, 4, 51, 'juhe', '2026-05-22 09:23:44', '2026-05-22 09:23:44');
INSERT INTO `crawler_standings` VALUES (27, '西甲', '140', '2026', '赫塔菲', NULL, '', 7, 37, 14, 6, 17, 31, 38, -7, 48, 'juhe', '2026-05-22 09:23:44', '2026-05-22 09:23:44');
INSERT INTO `crawler_standings` VALUES (28, '西甲', '140', '2026', '巴列卡诺', NULL, '', 8, 37, 11, 14, 12, 39, 43, -4, 47, 'juhe', '2026-05-22 09:23:44', '2026-05-22 09:23:44');
INSERT INTO `crawler_standings` VALUES (29, '西甲', '140', '2026', '瓦伦西亚', NULL, '', 9, 37, 12, 10, 15, 43, 54, -11, 46, 'juhe', '2026-05-22 09:23:44', '2026-05-22 09:23:44');
INSERT INTO `crawler_standings` VALUES (30, '西甲', '140', '2026', '皇家社会', NULL, '', 10, 37, 11, 12, 14, 58, 60, -2, 45, 'juhe', '2026-05-22 09:23:44', '2026-05-22 09:23:44');
INSERT INTO `crawler_standings` VALUES (31, '西甲', '140', '2026', '西班牙人', NULL, '', 11, 37, 12, 9, 16, 42, 54, -12, 45, 'juhe', '2026-05-22 09:23:44', '2026-05-22 09:23:44');
INSERT INTO `crawler_standings` VALUES (32, '西甲', '140', '2026', '毕尔巴鄂竞技', NULL, '', 12, 37, 13, 6, 18, 41, 54, -13, 45, 'juhe', '2026-05-22 09:23:44', '2026-05-22 09:23:44');
INSERT INTO `crawler_standings` VALUES (33, '西甲', '140', '2026', '塞维利亚', NULL, '', 13, 37, 12, 7, 18, 46, 59, -13, 43, 'juhe', '2026-05-22 09:23:44', '2026-05-22 09:23:44');
INSERT INTO `crawler_standings` VALUES (34, '西甲', '140', '2026', '阿拉维斯', NULL, '', 14, 37, 11, 10, 16, 43, 54, -11, 43, 'juhe', '2026-05-22 09:23:44', '2026-05-22 09:23:44');
INSERT INTO `crawler_standings` VALUES (35, '西甲', '140', '2026', '莱万特', NULL, '', 15, 37, 11, 9, 17, 46, 59, -13, 42, 'juhe', '2026-05-22 09:23:44', '2026-05-22 09:23:44');
INSERT INTO `crawler_standings` VALUES (36, '西甲', '140', '2026', '奥萨苏纳', NULL, '', 16, 37, 11, 9, 17, 44, 49, -5, 42, 'juhe', '2026-05-22 09:23:44', '2026-05-22 09:23:44');
INSERT INTO `crawler_standings` VALUES (37, '西甲', '140', '2026', '埃尔切', NULL, '', 17, 37, 10, 12, 15, 48, 56, -8, 42, 'juhe', '2026-05-22 09:23:44', '2026-05-22 09:23:44');
INSERT INTO `crawler_standings` VALUES (38, '西甲', '140', '2026', '赫罗纳', NULL, '', 18, 37, 9, 13, 15, 38, 54, -16, 40, 'juhe', '2026-05-22 09:23:44', '2026-05-22 09:23:44');
INSERT INTO `crawler_standings` VALUES (39, '西甲', '140', '2026', '皇家马略卡', NULL, '', 19, 37, 10, 9, 18, 44, 57, -13, 39, 'juhe', '2026-05-22 09:23:44', '2026-05-22 09:23:44');
INSERT INTO `crawler_standings` VALUES (40, '西甲', '140', '2026', '皇家奥维耶多', NULL, '', 20, 37, 6, 11, 20, 26, 57, -31, 29, 'juhe', '2026-05-22 09:23:44', '2026-05-22 09:23:44');

-- ----------------------------
-- Table structure for crawler_teams
-- ----------------------------
DROP TABLE IF EXISTS `crawler_teams`;
CREATE TABLE `crawler_teams`  (
  `id` bigint(20) NOT NULL AUTO_INCREMENT COMMENT '主键ID',
  `name` varchar(100) CHARACTER SET utf8mb4 COLLATE utf8mb4_unicode_ci NULL DEFAULT NULL COMMENT '球队名称',
  `logo` varchar(500) CHARACTER SET utf8mb4 COLLATE utf8mb4_unicode_ci NULL DEFAULT NULL COMMENT '球队Logo',
  `league_name` varchar(100) CHARACTER SET utf8mb4 COLLATE utf8mb4_unicode_ci NULL DEFAULT NULL COMMENT '所属联赛',
  `country` varchar(50) CHARACTER SET utf8mb4 COLLATE utf8mb4_unicode_ci NULL DEFAULT NULL COMMENT '国家',
  `source` varchar(50) CHARACTER SET utf8mb4 COLLATE utf8mb4_unicode_ci NULL DEFAULT 'zq123' COMMENT '数据来源',
  `created_at` datetime NULL DEFAULT CURRENT_TIMESTAMP COMMENT '创建时间',
  `updated_at` datetime NULL DEFAULT CURRENT_TIMESTAMP ON UPDATE CURRENT_TIMESTAMP COMMENT '更新时间',
  PRIMARY KEY (`id`) USING BTREE,
  INDEX `idx_name`(`name`) USING BTREE,
  INDEX `idx_league`(`league_name`) USING BTREE
) ENGINE = InnoDB AUTO_INCREMENT = 1 CHARACTER SET = utf8mb4 COLLATE = utf8mb4_unicode_ci COMMENT = '爬取的球队数据表' ROW_FORMAT = Dynamic;

-- ----------------------------
-- Records of crawler_teams
-- ----------------------------

-- ----------------------------
-- Table structure for t_admin_audit_log
-- ----------------------------
DROP TABLE IF EXISTS `t_admin_audit_log`;
CREATE TABLE `t_admin_audit_log`  (
  `id` bigint(20) NOT NULL AUTO_INCREMENT COMMENT '日志ID',
  `operator_id` bigint(20) NULL DEFAULT NULL COMMENT '操作人ID',
  `operator_name` varchar(64) CHARACTER SET utf8mb4 COLLATE utf8mb4_general_ci NULL DEFAULT NULL COMMENT '操作人',
  `module` varchar(64) CHARACTER SET utf8mb4 COLLATE utf8mb4_general_ci NOT NULL COMMENT '模块',
  `action` varchar(64) CHARACTER SET utf8mb4 COLLATE utf8mb4_general_ci NOT NULL COMMENT '动作',
  `target_type` varchar(64) CHARACTER SET utf8mb4 COLLATE utf8mb4_general_ci NULL DEFAULT NULL COMMENT '对象类型',
  `target_id` varchar(64) CHARACTER SET utf8mb4 COLLATE utf8mb4_general_ci NULL DEFAULT NULL COMMENT '对象ID',
  `content` varchar(1000) CHARACTER SET utf8mb4 COLLATE utf8mb4_general_ci NULL DEFAULT NULL COMMENT '内容',
  `result` varchar(32) CHARACTER SET utf8mb4 COLLATE utf8mb4_general_ci NOT NULL DEFAULT 'SUCCESS' COMMENT '结果',
  `created_at` datetime NOT NULL DEFAULT CURRENT_TIMESTAMP COMMENT '创建时间',
  PRIMARY KEY (`id`) USING BTREE,
  INDEX `idx_module_action`(`module`, `action`) USING BTREE,
  INDEX `idx_operator_id`(`operator_id`) USING BTREE,
  INDEX `idx_created_at`(`created_at`) USING BTREE
) ENGINE = InnoDB AUTO_INCREMENT = 3 CHARACTER SET = utf8mb4 COLLATE = utf8mb4_general_ci COMMENT = '管理员操作日志' ROW_FORMAT = Dynamic;

-- ----------------------------
-- Records of t_admin_audit_log
-- ----------------------------
INSERT INTO `t_admin_audit_log` VALUES (1, NULL, NULL, 'NEWS', 'STATUS', 't_news_article', '2', '欧冠八强对阵看点 -> PUBLISHED', 'SUCCESS', '2026-05-27 20:28:51');
INSERT INTO `t_admin_audit_log` VALUES (2, NULL, NULL, 'NEWS', 'STATUS', 't_news_article', '1', '英超争冠进入白热化阶段 -> PUBLISHED', 'SUCCESS', '2026-05-27 20:28:51');

-- ----------------------------
-- Table structure for t_fixture_cache
-- ----------------------------
DROP TABLE IF EXISTS `t_fixture_cache`;
CREATE TABLE `t_fixture_cache`  (
  `id` bigint(20) NOT NULL AUTO_INCREMENT COMMENT '缓存ID',
  `fixture_id` bigint(20) NOT NULL COMMENT '比赛ID',
  `league_id` bigint(20) NULL DEFAULT NULL COMMENT '联赛ID',
  `league_name` varchar(128) CHARACTER SET utf8mb4 COLLATE utf8mb4_unicode_ci NULL DEFAULT NULL COMMENT '联赛名称',
  `home_team_id` bigint(20) NOT NULL COMMENT '主队ID',
  `home_team_name` varchar(128) CHARACTER SET utf8mb4 COLLATE utf8mb4_unicode_ci NULL DEFAULT NULL COMMENT '主队名称',
  `away_team_id` bigint(20) NOT NULL COMMENT '客队ID',
  `away_team_name` varchar(128) CHARACTER SET utf8mb4 COLLATE utf8mb4_unicode_ci NULL DEFAULT NULL COMMENT '客队名称',
  `match_time` datetime NOT NULL COMMENT '比赛时间',
  `status` varchar(32) CHARACTER SET utf8mb4 COLLATE utf8mb4_unicode_ci NULL DEFAULT NULL COMMENT '状态',
  `home_goals` int(11) NULL DEFAULT NULL COMMENT '主队进球',
  `away_goals` int(11) NULL DEFAULT NULL COMMENT '客队进球',
  `round` varchar(32) CHARACTER SET utf8mb4 COLLATE utf8mb4_unicode_ci NULL DEFAULT NULL COMMENT '轮次',
  `created_at` datetime NOT NULL DEFAULT CURRENT_TIMESTAMP COMMENT '创建时间',
  `updated_at` datetime NOT NULL DEFAULT CURRENT_TIMESTAMP ON UPDATE CURRENT_TIMESTAMP COMMENT '更新时间',
  PRIMARY KEY (`id`) USING BTREE,
  UNIQUE INDEX `uk_fixture_id`(`fixture_id`) USING BTREE,
  INDEX `idx_match_time`(`match_time`) USING BTREE,
  INDEX `idx_league_id`(`league_id`) USING BTREE,
  INDEX `idx_home_team`(`home_team_id`) USING BTREE,
  INDEX `idx_away_team`(`away_team_id`) USING BTREE
) ENGINE = InnoDB AUTO_INCREMENT = 1 CHARACTER SET = utf8mb4 COLLATE = utf8mb4_unicode_ci COMMENT = '比赛信息缓存表' ROW_FORMAT = Dynamic;

-- ----------------------------
-- Records of t_fixture_cache
-- ----------------------------

-- ----------------------------
-- Table structure for t_match_admin_override
-- ----------------------------
DROP TABLE IF EXISTS `t_match_admin_override`;
CREATE TABLE `t_match_admin_override`  (
  `id` bigint(20) NOT NULL AUTO_INCREMENT COMMENT '主键ID',
  `fixture_id` bigint(20) NOT NULL COMMENT '比赛ID',
  `league_name` varchar(128) CHARACTER SET utf8mb4 COLLATE utf8mb4_general_ci NULL DEFAULT NULL COMMENT '联赛',
  `home_team_name` varchar(128) CHARACTER SET utf8mb4 COLLATE utf8mb4_general_ci NULL DEFAULT NULL COMMENT '主队',
  `away_team_name` varchar(128) CHARACTER SET utf8mb4 COLLATE utf8mb4_general_ci NULL DEFAULT NULL COMMENT '客队',
  `match_time` datetime NULL DEFAULT NULL COMMENT '比赛时间',
  `status` varchar(32) CHARACTER SET utf8mb4 COLLATE utf8mb4_general_ci NULL DEFAULT NULL COMMENT '状态',
  `home_score` int(11) NULL DEFAULT NULL COMMENT '主队进球',
  `away_score` int(11) NULL DEFAULT NULL COMMENT '客队进球',
  `note` varchar(1000) CHARACTER SET utf8mb4 COLLATE utf8mb4_general_ci NULL DEFAULT NULL COMMENT '备注',
  `updated_by` bigint(20) NULL DEFAULT NULL COMMENT '更新人',
  `updated_at` datetime NOT NULL DEFAULT CURRENT_TIMESTAMP ON UPDATE CURRENT_TIMESTAMP COMMENT '更新时间',
  PRIMARY KEY (`id`) USING BTREE,
  UNIQUE INDEX `uk_fixture_id`(`fixture_id`) USING BTREE
) ENGINE = InnoDB AUTO_INCREMENT = 1 CHARACTER SET = utf8mb4 COLLATE = utf8mb4_general_ci COMMENT = '比赛人工维护表' ROW_FORMAT = Dynamic;

-- ----------------------------
-- Records of t_match_admin_override
-- ----------------------------

-- ----------------------------
-- Table structure for t_news_article
-- ----------------------------
DROP TABLE IF EXISTS `t_news_article`;
CREATE TABLE `t_news_article`  (
  `id` bigint(20) NOT NULL AUTO_INCREMENT COMMENT '资讯ID',
  `title` varchar(255) CHARACTER SET utf8mb4 COLLATE utf8mb4_unicode_ci NOT NULL COMMENT '标题',
  `subtitle` varchar(512) CHARACTER SET utf8mb4 COLLATE utf8mb4_unicode_ci NULL DEFAULT NULL COMMENT '副标题',
  `summary` varchar(1000) CHARACTER SET utf8mb4 COLLATE utf8mb4_unicode_ci NULL DEFAULT NULL COMMENT '摘要',
  `content` longtext CHARACTER SET utf8mb4 COLLATE utf8mb4_unicode_ci NOT NULL COMMENT '正文内容',
  `content_html` longtext CHARACTER SET utf8mb4 COLLATE utf8mb4_unicode_ci NULL COMMENT '正文HTML',
  `cover_image` varchar(512) CHARACTER SET utf8mb4 COLLATE utf8mb4_unicode_ci NULL DEFAULT NULL COMMENT '封面图',
  `source_name` varchar(128) CHARACTER SET utf8mb4 COLLATE utf8mb4_unicode_ci NULL DEFAULT NULL COMMENT '来源站点名称',
  `source_url` varchar(1024) CHARACTER SET utf8mb4 COLLATE utf8mb4_unicode_ci NULL DEFAULT NULL COMMENT '来源URL',
  `source_type` varchar(64) CHARACTER SET utf8mb4 COLLATE utf8mb4_unicode_ci NULL DEFAULT 'crawler' COMMENT '来源类型:crawler/api/manual',
  `author` varchar(128) CHARACTER SET utf8mb4 COLLATE utf8mb4_unicode_ci NULL DEFAULT NULL COMMENT '作者',
  `category` varchar(64) CHARACTER SET utf8mb4 COLLATE utf8mb4_unicode_ci NULL DEFAULT '资讯' COMMENT '分类',
  `league_name` varchar(128) CHARACTER SET utf8mb4 COLLATE utf8mb4_unicode_ci NULL DEFAULT NULL COMMENT '联赛名称',
  `league_id` varchar(32) CHARACTER SET utf8mb4 COLLATE utf8mb4_unicode_ci NULL DEFAULT NULL COMMENT '联赛ID',
  `match_id` bigint(20) NULL DEFAULT NULL COMMENT '关联比赛ID',
  `team_id` bigint(20) NULL DEFAULT NULL COMMENT '关联球队ID',
  `is_hot` tinyint(4) NOT NULL DEFAULT 0 COMMENT '是否热门',
  `is_featured` tinyint(4) NOT NULL DEFAULT 0 COMMENT '是否焦点推荐',
  `is_top` tinyint(4) NOT NULL DEFAULT 0 COMMENT '是否置顶',
  `status` varchar(32) CHARACTER SET utf8mb4 COLLATE utf8mb4_unicode_ci NOT NULL DEFAULT 'PUBLISHED' COMMENT '状态:DRAFT/PUBLISHED/HIDDEN/DELETED',
  `publish_time` datetime NULL DEFAULT NULL COMMENT '发布时间',
  `created_at` datetime NOT NULL DEFAULT CURRENT_TIMESTAMP COMMENT '创建时间',
  `updated_at` datetime NOT NULL DEFAULT CURRENT_TIMESTAMP ON UPDATE CURRENT_TIMESTAMP COMMENT '更新时间',
  PRIMARY KEY (`id`) USING BTREE,
  INDEX `idx_category`(`category`) USING BTREE,
  INDEX `idx_league_id`(`league_id`) USING BTREE,
  INDEX `idx_match_id`(`match_id`) USING BTREE,
  INDEX `idx_team_id`(`team_id`) USING BTREE,
  INDEX `idx_status_publish_time`(`status`, `publish_time`) USING BTREE,
  INDEX `idx_is_hot_featured_top`(`is_hot`, `is_featured`, `is_top`) USING BTREE,
  FULLTEXT INDEX `ft_title_summary_content`(`title`, `summary`, `content`)
) ENGINE = InnoDB AUTO_INCREMENT = 1004 CHARACTER SET = utf8mb4 COLLATE = utf8mb4_unicode_ci COMMENT = '新闻资讯主表' ROW_FORMAT = Dynamic;

-- ----------------------------
-- Records of t_news_article
-- ----------------------------
INSERT INTO `t_news_article` VALUES (1, '英超争冠进入白热化阶段', '关键战役将决定冠军归属', '豪门之间的直接对话成为赛季转折点。', '<p>英超赛程进入最后冲刺阶段，多支球队在积分榜上紧咬不放。</p><p>从近期状态来看，争冠队伍的伤病情况和替补席深度将成为胜负关键。</p><p>本轮焦点战不仅影响三分归属，也会对后续排兵布阵产生连锁反应。</p>', '<p>英超赛程进入最后冲刺阶段，多支球队在积分榜上紧咬不放。</p><p>从近期状态来看，争冠队伍的伤病情况和替补席深度将成为胜负关键。</p><p>本轮焦点战不仅影响三分归属，也会对后续排兵布阵产生连锁反应。</p>', 'https://images.unsplash.com/photo-1518091043644-c1d4457512c6?auto=format&fit=crop&w=1200&q=80', 'System', NULL, 'manual', '系统编辑部', '战报', '英超', '39', NULL, NULL, 1, 1, 1, 'PUBLISHED', '2026-05-27 18:26:55', '2026-05-27 17:16:19', '2026-05-27 20:28:51');
INSERT INTO `t_news_article` VALUES (2, '欧冠八强对阵看点', '控球压制与快速反击的博弈', '不同风格球队的碰撞，让战术对位与细节执行成为系列赛关键。', '<p>欧冠进入高强度淘汰赛阶段，比赛节奏和临场应变将极大考验教练组。</p><p>拥有高效转换能力的球队，往往能在强强对话中占据先机。</p><p>定位球和边路冲击也可能成为打破僵局的重要武器。</p>', '<p>欧冠进入高强度淘汰赛阶段，比赛节奏和临场应变将极大考验教练组。</p><p>拥有高效转换能力的球队，往往能在强强对话中占据先机。</p><p>定位球和边路冲击也可能成为打破僵局的重要武器。</p>', 'https://images.unsplash.com/photo-1522778119026-d647f0596c20?auto=format&fit=crop&w=1200&q=80', 'System', NULL, 'manual', '赛事观察员', '前瞻', '欧冠', '2', NULL, NULL, 1, 1, 0, 'PUBLISHED', '2026-05-27 18:26:55', '2026-05-27 17:16:19', '2026-05-27 20:28:51');
INSERT INTO `t_news_article` VALUES (3, '夏窗转会观察', '哪些球队会率先完成补强', '管理层的决策窗口已经开启，针对性补强将直接影响下赛季竞争力。', '<p>在转会市场中，效率和精准度比单纯的投入更重要。</p><p>部分球队需要补强中前场创造力，而另一些球队则急需补上防线漏洞。</p><p>随着窗口推进，价格、薪资结构与阵容平衡将持续影响交易走向。</p>', '<p>在转会市场中，效率和精准度比单纯的投入更重要。</p><p>部分球队需要补强中前场创造力，而另一些球队则急需补上防线漏洞。</p><p>随着窗口推进，价格、薪资结构与阵容平衡将持续影响交易走向。</p>', 'https://images.unsplash.com/photo-1521412644187-c49fa049e84d?auto=format&fit=crop&w=1200&q=80', 'System', NULL, 'manual', '转会中心', '转会', '综合', NULL, NULL, NULL, 0, 1, 0, 'PUBLISHED', '2026-05-27 18:26:55', '2026-05-27 17:16:19', '2026-05-27 18:26:55');
INSERT INTO `t_news_article` VALUES (4, '2026世界杯倒计时：墨西哥揭幕战迎战南非', '东道主首秀引关注', '世界杯将于6月11日在阿兹特卡球场拉开帷幕', '<p>墨西哥作为东道主之一，将在揭幕战中迎战南非。球迷高度期待...</p><p>双方历史交锋及战术分析...</p>', '<p>墨西哥作为东道主之一，将在揭幕战中迎战南非。球迷高度期待...</p><p>双方历史交锋及战术分析...</p>', 'https://images.unsplash.com/photo-1518091043644-c1d4457512c6?auto=format&fit=crop&w=1200&q=80', 'FIFA', NULL, 'manual', '世界杯观察员', '前瞻', '世界杯', 'WC', 2007, NULL, 1, 1, 1, 'PUBLISHED', '2026-05-28 14:18:18', '2026-05-28 14:18:18', '2026-05-28 14:18:18');
INSERT INTO `t_news_article` VALUES (5, '美国国家队世界杯前热身：对阵土耳其', '东道主备战关键战', '6月3日重要友谊赛检验阵容', '<p>美国队将在本土迎来土耳其的挑战，为世界杯小组赛蓄力...</p>', '<p>美国队将在本土迎来土耳其的挑战，为世界杯小组赛蓄力...</p>', 'https://images.unsplash.com/photo-1522778119026-d647f0596c20?auto=format&fit=crop&w=1200&q=80', 'ESPN', NULL, 'manual', '赛事编辑', '前瞻', '国际友谊赛', 'FRIENDLY', 2005, NULL, 1, 1, 0, 'PUBLISHED', '2026-05-28 14:18:18', '2026-05-28 14:18:18', '2026-05-28 14:18:18');
INSERT INTO `t_news_article` VALUES (6, '伊朗 vs 冈比亚：世界杯前最后热身', '亚洲与非洲球队对话', '5月29日国际友谊赛看点', '<p>两队均在为世界杯做最后准备...</p>', '<p>两队均在为世界杯做最后准备...</p>', 'https://images.unsplash.com/photo-1521412644187-c49fa049e84d?auto=format&fit=crop&w=1200&q=80', 'System', NULL, 'manual', '系统编辑部', '前瞻', '国际友谊赛', 'FRIENDLY', 2001, NULL, 0, 1, 0, 'PUBLISHED', '2026-05-28 14:18:18', '2026-05-28 14:18:18', '2026-05-28 14:18:18');
INSERT INTO `t_news_article` VALUES (7, '世界杯小组赛首轮前瞻：加拿大 vs 波黑', '北美 vs 欧洲球队碰撞', '6月12日多场重磅对决', '<p>东道主加拿大将在主场迎来欧洲球队挑战...</p>', '<p>东道主加拿大将在主场迎来欧洲球队挑战...</p>', 'https://images.unsplash.com/photo-1518091043644-c1d4457512c6?auto=format&fit=crop&w=1200&q=80', 'FIFA', NULL, 'manual', '世界杯中心', '前瞻', '世界杯', 'WC', 2009, NULL, 1, 0, 0, 'PUBLISHED', '2026-05-28 14:18:18', '2026-05-28 14:18:18', '2026-05-28 14:18:18');
INSERT INTO `t_news_article` VALUES (1001, '世界杯即将开赛，赛程正式公布', '48队时代开启，赛程已进入倒计时', '世界杯赛程已经公布，球迷可以提前关注揭幕战、强强对话和各组出线形势。', '随着 2026 年世界杯赛程公开，球迷的关注焦点已经从联赛休赛期转向国家队赛事。本届赛事规模扩大，赛程密集，首轮小组赛和后续淘汰赛都充满看点。对于预测系统来说，这类赛前数据是非常重要的内容补充。', '<p>随着 2026 年世界杯赛程公开，球迷的关注焦点已经从联赛休赛期转向国家队赛事。</p><p>本届赛事规模扩大，赛程密集，首轮小组赛和后续淘汰赛都充满看点。</p><p>对于预测系统来说，这类赛前数据是非常重要的内容补充。</p>', 'https://images.unsplash.com/photo-1518091043644-c1d4457512c6?auto=format&fit=crop&w=1200&q=80', 'FIFA', 'https://www.fifa.com/en/tournaments/mens/worldcup/canadamexicousa2026/articles/match-schedule-fixtures-results-teams-stadiums', 'manual', '系统编辑部', '前瞻', '2026世界杯', 'WC2026', NULL, NULL, 1, 1, 1, 'PUBLISHED', '2026-05-28 14:24:40', '2026-05-28 14:24:40', '2026-05-29 21:52:50');
INSERT INTO `t_news_article` VALUES (1002, '国际友谊赛密集上演，世界杯前热身进入高峰', '多支国家队通过热身赛调整状态', '休赛期并不意味着没有足球，国家队热身赛和备战新闻依然值得持续关注。', '<p>在世界杯临近开赛之前，多支国家队通过热身赛检验阵容和状态。</p><p>这些比赛虽然不在正式大赛中，但对于后续战术磨合和球员状态判断非常重要。</p>', '<p>在世界杯临近开赛之前，多支国家队通过热身赛检验阵容和状态。</p><p>这些比赛虽然不在正式大赛中，但对于后续战术磨合和球员状态判断非常重要。</p>', 'https://images.unsplash.com/photo-1508098682722-e99c43a406b2?auto=format&fit=crop&w=1200&q=80', 'System', NULL, 'manual', '系统编辑部', '战报', '国际友谊赛', 'FRIENDLY', NULL, NULL, 0, 1, 0, 'PUBLISHED', '2026-05-28 14:24:40', '2026-05-28 14:24:40', '2026-05-28 14:24:40');
INSERT INTO `t_news_article` VALUES (1003, '美国队与土耳其热身赛值得关注', '东道主备战状态成为焦点', '世界杯前的热身赛不仅能检验阵容，也能帮助我们观察东道主的备战情况。', '<p>美国队和土耳其这样的比赛，往往能体现球队的排兵布阵、替补深度以及临场调整能力。</p><p>对于赛前分析与预测系统来说，这类比赛具备很高的参考价值。</p>', '<p>美国队和土耳其这样的比赛，往往能体现球队的排兵布阵、替补深度以及临场调整能力。</p><p>对于赛前分析与预测系统来说，这类比赛具备很高的参考价值。</p>', 'https://images.unsplash.com/photo-1522778119026-d647f0596c20?auto=format&fit=crop&w=1200&q=80', 'System', NULL, 'manual', '赛事观察员', '前瞻', '世界杯', 'WC2026', NULL, NULL, 1, 1, 0, 'PUBLISHED', '2026-05-28 14:24:40', '2026-05-28 14:24:40', '2026-05-28 14:24:40');

-- ----------------------------
-- Table structure for t_news_article_comment
-- ----------------------------
DROP TABLE IF EXISTS `t_news_article_comment`;
CREATE TABLE `t_news_article_comment`  (
  `id` bigint(20) NOT NULL AUTO_INCREMENT COMMENT '评论ID',
  `article_id` bigint(20) NOT NULL COMMENT '资讯ID',
  `user_id` bigint(20) NOT NULL COMMENT '用户ID',
  `parent_id` bigint(20) NULL DEFAULT NULL COMMENT '父评论ID',
  `content` varchar(2000) CHARACTER SET utf8mb4 COLLATE utf8mb4_unicode_ci NOT NULL COMMENT '评论内容',
  `like_count` int(11) NOT NULL DEFAULT 0 COMMENT '点赞数',
  `status` varchar(32) CHARACTER SET utf8mb4 COLLATE utf8mb4_unicode_ci NOT NULL DEFAULT 'PUBLISHED' COMMENT '状态:PUBLISHED/HIDDEN/DELETED/PENDING',
  `ip_address` varchar(64) CHARACTER SET utf8mb4 COLLATE utf8mb4_unicode_ci NULL DEFAULT NULL COMMENT 'IP地址',
  `user_agent` varchar(512) CHARACTER SET utf8mb4 COLLATE utf8mb4_unicode_ci NULL DEFAULT NULL COMMENT 'UA',
  `created_at` datetime NOT NULL DEFAULT CURRENT_TIMESTAMP COMMENT '创建时间',
  `updated_at` datetime NOT NULL DEFAULT CURRENT_TIMESTAMP ON UPDATE CURRENT_TIMESTAMP COMMENT '更新时间',
  PRIMARY KEY (`id`) USING BTREE,
  INDEX `idx_article_id`(`article_id`) USING BTREE,
  INDEX `idx_user_id`(`user_id`) USING BTREE,
  INDEX `idx_parent_id`(`parent_id`) USING BTREE,
  INDEX `idx_status_created_at`(`status`, `created_at`) USING BTREE
) ENGINE = InnoDB AUTO_INCREMENT = 5 CHARACTER SET = utf8mb4 COLLATE = utf8mb4_unicode_ci COMMENT = '资讯评论表' ROW_FORMAT = Dynamic;

-- ----------------------------
-- Records of t_news_article_comment
-- ----------------------------
INSERT INTO `t_news_article_comment` VALUES (1, 4, 2, NULL, '1111', 0, 'PUBLISHED', NULL, NULL, '2026-05-29 21:35:14', '2026-05-29 21:35:14');
INSERT INTO `t_news_article_comment` VALUES (2, 4, 2, NULL, '1111', 0, 'PUBLISHED', NULL, NULL, '2026-05-29 21:36:14', '2026-05-29 21:36:14');
INSERT INTO `t_news_article_comment` VALUES (3, 1001, 2, NULL, '1111', 0, 'PUBLISHED', NULL, NULL, '2026-05-29 21:51:40', '2026-05-29 21:51:40');
INSERT INTO `t_news_article_comment` VALUES (4, 1001, 2, 3, '2222', 0, 'PUBLISHED', NULL, NULL, '2026-05-29 21:51:47', '2026-05-29 21:51:47');

-- ----------------------------
-- Table structure for t_news_article_favorite
-- ----------------------------
DROP TABLE IF EXISTS `t_news_article_favorite`;
CREATE TABLE `t_news_article_favorite`  (
  `id` bigint(20) NOT NULL AUTO_INCREMENT COMMENT '收藏ID',
  `article_id` bigint(20) NOT NULL COMMENT '资讯ID',
  `user_id` bigint(20) NOT NULL COMMENT '用户ID',
  `created_at` datetime NOT NULL DEFAULT CURRENT_TIMESTAMP COMMENT '收藏时间',
  PRIMARY KEY (`id`) USING BTREE,
  UNIQUE INDEX `uk_article_user`(`article_id`, `user_id`) USING BTREE,
  INDEX `idx_article_id`(`article_id`) USING BTREE,
  INDEX `idx_user_id`(`user_id`) USING BTREE
) ENGINE = InnoDB AUTO_INCREMENT = 3 CHARACTER SET = utf8mb4 COLLATE = utf8mb4_unicode_ci COMMENT = '资讯收藏表' ROW_FORMAT = Dynamic;

-- ----------------------------
-- Records of t_news_article_favorite
-- ----------------------------
INSERT INTO `t_news_article_favorite` VALUES (1, 1001, 2, '2026-05-29 21:34:58');
INSERT INTO `t_news_article_favorite` VALUES (2, 4, 2, '2026-05-29 21:35:11');

-- ----------------------------
-- Table structure for t_news_article_like
-- ----------------------------
DROP TABLE IF EXISTS `t_news_article_like`;
CREATE TABLE `t_news_article_like`  (
  `id` bigint(20) NOT NULL AUTO_INCREMENT COMMENT '点赞ID',
  `article_id` bigint(20) NOT NULL COMMENT '资讯ID',
  `user_id` bigint(20) NOT NULL COMMENT '用户ID',
  `created_at` datetime NOT NULL DEFAULT CURRENT_TIMESTAMP COMMENT '点赞时间',
  PRIMARY KEY (`id`) USING BTREE,
  UNIQUE INDEX `uk_article_user`(`article_id`, `user_id`) USING BTREE,
  INDEX `idx_article_id`(`article_id`) USING BTREE,
  INDEX `idx_user_id`(`user_id`) USING BTREE
) ENGINE = InnoDB AUTO_INCREMENT = 3 CHARACTER SET = utf8mb4 COLLATE = utf8mb4_unicode_ci COMMENT = '资讯点赞表' ROW_FORMAT = Dynamic;

-- ----------------------------
-- Records of t_news_article_like
-- ----------------------------
INSERT INTO `t_news_article_like` VALUES (1, 1001, 2, '2026-05-29 21:34:57');
INSERT INTO `t_news_article_like` VALUES (2, 4, 2, '2026-05-29 21:35:06');

-- ----------------------------
-- Table structure for t_news_article_tag
-- ----------------------------
DROP TABLE IF EXISTS `t_news_article_tag`;
CREATE TABLE `t_news_article_tag`  (
  `id` bigint(20) NOT NULL AUTO_INCREMENT COMMENT '标签ID',
  `name` varchar(64) CHARACTER SET utf8mb4 COLLATE utf8mb4_unicode_ci NOT NULL COMMENT '标签名称',
  `slug` varchar(64) CHARACTER SET utf8mb4 COLLATE utf8mb4_unicode_ci NOT NULL COMMENT '标签别名',
  `created_at` datetime NOT NULL DEFAULT CURRENT_TIMESTAMP COMMENT '创建时间',
  PRIMARY KEY (`id`) USING BTREE,
  UNIQUE INDEX `uk_slug`(`slug`) USING BTREE,
  UNIQUE INDEX `uk_name`(`name`) USING BTREE
) ENGINE = InnoDB AUTO_INCREMENT = 25 CHARACTER SET = utf8mb4 COLLATE = utf8mb4_unicode_ci COMMENT = '资讯标签表' ROW_FORMAT = Dynamic;

-- ----------------------------
-- Records of t_news_article_tag
-- ----------------------------
INSERT INTO `t_news_article_tag` VALUES (1, '英超', 'epl', '2026-05-27 17:16:19');
INSERT INTO `t_news_article_tag` VALUES (2, '西甲', 'laliga', '2026-05-27 17:16:19');
INSERT INTO `t_news_article_tag` VALUES (3, '欧冠', 'ucl', '2026-05-27 17:16:19');
INSERT INTO `t_news_article_tag` VALUES (4, '转会', 'transfer', '2026-05-27 17:16:19');
INSERT INTO `t_news_article_tag` VALUES (5, '前瞻', 'preview', '2026-05-27 17:16:19');
INSERT INTO `t_news_article_tag` VALUES (6, '战报', 'report', '2026-05-27 17:16:19');
INSERT INTO `t_news_article_tag` VALUES (7, '数据', 'stats', '2026-05-27 17:16:19');
INSERT INTO `t_news_article_tag` VALUES (8, '观点', 'opinion', '2026-05-27 17:16:19');
INSERT INTO `t_news_article_tag` VALUES (17, '世界杯', 'world-cup', '2026-05-28 14:24:40');
INSERT INTO `t_news_article_tag` VALUES (18, '国际友谊赛', 'friendly', '2026-05-28 14:24:40');
INSERT INTO `t_news_article_tag` VALUES (19, '热身赛', 'warmup', '2026-05-28 14:24:40');
INSERT INTO `t_news_article_tag` VALUES (20, '赛程', 'schedule', '2026-05-28 14:24:40');
INSERT INTO `t_news_article_tag` VALUES (21, '备战', 'preparation', '2026-05-28 14:24:40');
INSERT INTO `t_news_article_tag` VALUES (22, '国家队', 'national-team', '2026-05-28 14:24:40');

-- ----------------------------
-- Table structure for t_news_article_tag_rel
-- ----------------------------
DROP TABLE IF EXISTS `t_news_article_tag_rel`;
CREATE TABLE `t_news_article_tag_rel`  (
  `id` bigint(20) NOT NULL AUTO_INCREMENT COMMENT '关联ID',
  `article_id` bigint(20) NOT NULL COMMENT '资讯ID',
  `tag_id` bigint(20) NOT NULL COMMENT '标签ID',
  `created_at` datetime NOT NULL DEFAULT CURRENT_TIMESTAMP COMMENT '创建时间',
  PRIMARY KEY (`id`) USING BTREE,
  UNIQUE INDEX `uk_article_tag`(`article_id`, `tag_id`) USING BTREE,
  INDEX `idx_article_id`(`article_id`) USING BTREE,
  INDEX `idx_tag_id`(`tag_id`) USING BTREE
) ENGINE = InnoDB AUTO_INCREMENT = 10 CHARACTER SET = utf8mb4 COLLATE = utf8mb4_unicode_ci COMMENT = '资讯标签关联表' ROW_FORMAT = Dynamic;

-- ----------------------------
-- Records of t_news_article_tag_rel
-- ----------------------------
INSERT INTO `t_news_article_tag_rel` VALUES (1, 1001, 5, '2026-05-28 14:24:40');
INSERT INTO `t_news_article_tag_rel` VALUES (2, 1001, 20, '2026-05-28 14:24:40');
INSERT INTO `t_news_article_tag_rel` VALUES (3, 1001, 17, '2026-05-28 14:24:40');
INSERT INTO `t_news_article_tag_rel` VALUES (4, 1002, 18, '2026-05-28 14:24:40');
INSERT INTO `t_news_article_tag_rel` VALUES (5, 1002, 6, '2026-05-28 14:24:40');
INSERT INTO `t_news_article_tag_rel` VALUES (6, 1002, 19, '2026-05-28 14:24:40');
INSERT INTO `t_news_article_tag_rel` VALUES (7, 1003, 22, '2026-05-28 14:24:40');
INSERT INTO `t_news_article_tag_rel` VALUES (8, 1003, 5, '2026-05-28 14:24:40');
INSERT INTO `t_news_article_tag_rel` VALUES (9, 1003, 17, '2026-05-28 14:24:40');

-- ----------------------------
-- Table structure for t_news_push_log
-- ----------------------------
DROP TABLE IF EXISTS `t_news_push_log`;
CREATE TABLE `t_news_push_log`  (
  `id` bigint(20) NOT NULL AUTO_INCREMENT COMMENT '推送ID',
  `article_id` bigint(20) NULL DEFAULT NULL COMMENT '关联资讯ID',
  `fixture_id` bigint(20) NULL DEFAULT NULL COMMENT '关联比赛ID',
  `league_id` varchar(32) CHARACTER SET utf8mb4 COLLATE utf8mb4_unicode_ci NULL DEFAULT NULL COMMENT '联赛ID',
  `league_name` varchar(128) CHARACTER SET utf8mb4 COLLATE utf8mb4_unicode_ci NULL DEFAULT NULL COMMENT '联赛名称',
  `push_type` varchar(64) CHARACTER SET utf8mb4 COLLATE utf8mb4_unicode_ci NOT NULL COMMENT '推送类型:PRE_MATCH/NEWS/HOT/ALERT',
  `title` varchar(255) CHARACTER SET utf8mb4 COLLATE utf8mb4_unicode_ci NOT NULL COMMENT '推送标题',
  `content` varchar(2000) CHARACTER SET utf8mb4 COLLATE utf8mb4_unicode_ci NULL DEFAULT NULL COMMENT '推送内容',
  `target_scope` varchar(64) CHARACTER SET utf8mb4 COLLATE utf8mb4_unicode_ci NOT NULL DEFAULT 'ALL' COMMENT '目标范围:ALL/LEAGUE/TEAM/USER',
  `target_value` varchar(128) CHARACTER SET utf8mb4 COLLATE utf8mb4_unicode_ci NULL DEFAULT NULL COMMENT '目标值',
  `channel` varchar(64) CHARACTER SET utf8mb4 COLLATE utf8mb4_unicode_ci NOT NULL DEFAULT 'IN_APP' COMMENT '渠道:IN_APP/PUSH/EMAIL/SMS',
  `status` varchar(32) CHARACTER SET utf8mb4 COLLATE utf8mb4_unicode_ci NOT NULL DEFAULT 'PENDING' COMMENT '状态:PENDING/SENT/FAILED',
  `sent_at` datetime NULL DEFAULT NULL COMMENT '发送时间',
  `failure_reason` varchar(512) CHARACTER SET utf8mb4 COLLATE utf8mb4_unicode_ci NULL DEFAULT NULL COMMENT '失败原因',
  `created_at` datetime NOT NULL DEFAULT CURRENT_TIMESTAMP COMMENT '创建时间',
  PRIMARY KEY (`id`) USING BTREE,
  INDEX `idx_push_type_status`(`push_type`, `status`) USING BTREE,
  INDEX `idx_fixture_id`(`fixture_id`) USING BTREE,
  INDEX `idx_article_id`(`article_id`) USING BTREE,
  INDEX `idx_created_at`(`created_at`) USING BTREE
) ENGINE = InnoDB AUTO_INCREMENT = 1 CHARACTER SET = utf8mb4 COLLATE = utf8mb4_unicode_ci COMMENT = '资讯推送日志表' ROW_FORMAT = Dynamic;

-- ----------------------------
-- Records of t_news_push_log
-- ----------------------------

-- ----------------------------
-- Table structure for t_news_source_article_map
-- ----------------------------
DROP TABLE IF EXISTS `t_news_source_article_map`;
CREATE TABLE `t_news_source_article_map`  (
  `id` bigint(20) NOT NULL AUTO_INCREMENT COMMENT '映射ID',
  `source_name` varchar(128) CHARACTER SET utf8mb4 COLLATE utf8mb4_unicode_ci NOT NULL COMMENT '来源站点名称',
  `source_article_id` varchar(128) CHARACTER SET utf8mb4 COLLATE utf8mb4_unicode_ci NOT NULL COMMENT '来源文章ID',
  `article_id` bigint(20) NOT NULL COMMENT '系统文章ID',
  `source_url` varchar(1024) CHARACTER SET utf8mb4 COLLATE utf8mb4_unicode_ci NULL DEFAULT NULL COMMENT '来源URL',
  `created_at` datetime NOT NULL DEFAULT CURRENT_TIMESTAMP COMMENT '创建时间',
  PRIMARY KEY (`id`) USING BTREE,
  UNIQUE INDEX `uk_source_article`(`source_name`, `source_article_id`) USING BTREE,
  INDEX `idx_article_id`(`article_id`) USING BTREE
) ENGINE = InnoDB AUTO_INCREMENT = 1 CHARACTER SET = utf8mb4 COLLATE = utf8mb4_unicode_ci COMMENT = '外部资讯映射表' ROW_FORMAT = Dynamic;

-- ----------------------------
-- Records of t_news_source_article_map
-- ----------------------------

-- ----------------------------
-- Table structure for t_news_source_task
-- ----------------------------
DROP TABLE IF EXISTS `t_news_source_task`;
CREATE TABLE `t_news_source_task`  (
  `id` bigint(20) NOT NULL AUTO_INCREMENT COMMENT '任务ID',
  `source_name` varchar(128) CHARACTER SET utf8mb4 COLLATE utf8mb4_unicode_ci NOT NULL COMMENT '来源站点名称',
  `source_base_url` varchar(512) CHARACTER SET utf8mb4 COLLATE utf8mb4_unicode_ci NOT NULL COMMENT '来源站点URL',
  `task_type` varchar(64) CHARACTER SET utf8mb4 COLLATE utf8mb4_unicode_ci NOT NULL COMMENT '任务类型:ARTICLE/FEED/MATCH_PREVIEW',
  `fetch_url` varchar(1024) CHARACTER SET utf8mb4 COLLATE utf8mb4_unicode_ci NULL DEFAULT NULL COMMENT '抓取地址',
  `last_fetch_time` datetime NULL DEFAULT NULL COMMENT '最后抓取时间',
  `last_success_time` datetime NULL DEFAULT NULL COMMENT '最后成功时间',
  `last_status` varchar(32) CHARACTER SET utf8mb4 COLLATE utf8mb4_unicode_ci NOT NULL DEFAULT 'PENDING' COMMENT '状态:PENDING/RUNNING/SUCCESS/FAILED',
  `last_error` varchar(1000) CHARACTER SET utf8mb4 COLLATE utf8mb4_unicode_ci NULL DEFAULT NULL COMMENT '最后错误',
  `created_at` datetime NOT NULL DEFAULT CURRENT_TIMESTAMP COMMENT '创建时间',
  `updated_at` datetime NOT NULL DEFAULT CURRENT_TIMESTAMP ON UPDATE CURRENT_TIMESTAMP COMMENT '更新时间',
  PRIMARY KEY (`id`) USING BTREE,
  INDEX `idx_source_name`(`source_name`) USING BTREE,
  INDEX `idx_task_type_status`(`task_type`, `last_status`) USING BTREE
) ENGINE = InnoDB AUTO_INCREMENT = 1 CHARACTER SET = utf8mb4 COLLATE = utf8mb4_unicode_ci COMMENT = '资讯来源抓取任务表' ROW_FORMAT = Dynamic;

-- ----------------------------
-- Records of t_news_source_task
-- ----------------------------

-- ----------------------------
-- Table structure for t_news_spotlight
-- ----------------------------
DROP TABLE IF EXISTS `t_news_spotlight`;
CREATE TABLE `t_news_spotlight`  (
  `id` bigint(20) NOT NULL AUTO_INCREMENT COMMENT '专题ID',
  `title` varchar(255) CHARACTER SET utf8mb4 COLLATE utf8mb4_unicode_ci NOT NULL COMMENT '专题标题',
  `subtitle` varchar(512) CHARACTER SET utf8mb4 COLLATE utf8mb4_unicode_ci NULL DEFAULT NULL COMMENT '专题副标题',
  `cover_image` varchar(512) CHARACTER SET utf8mb4 COLLATE utf8mb4_unicode_ci NULL DEFAULT NULL COMMENT '封面图',
  `summary` varchar(1000) CHARACTER SET utf8mb4 COLLATE utf8mb4_unicode_ci NULL DEFAULT NULL COMMENT '简介',
  `display_order` int(11) NOT NULL DEFAULT 0 COMMENT '显示顺序',
  `position` varchar(64) CHARACTER SET utf8mb4 COLLATE utf8mb4_unicode_ci NOT NULL DEFAULT 'SIDEBAR' COMMENT '位置:SIDEBAR/HERO/FOOTER',
  `status` varchar(32) CHARACTER SET utf8mb4 COLLATE utf8mb4_unicode_ci NOT NULL DEFAULT 'ACTIVE' COMMENT '状态:ACTIVE/INACTIVE',
  `start_time` datetime NULL DEFAULT NULL COMMENT '生效时间',
  `end_time` datetime NULL DEFAULT NULL COMMENT '失效时间',
  `created_at` datetime NOT NULL DEFAULT CURRENT_TIMESTAMP COMMENT '创建时间',
  `updated_at` datetime NOT NULL DEFAULT CURRENT_TIMESTAMP ON UPDATE CURRENT_TIMESTAMP COMMENT '更新时间',
  PRIMARY KEY (`id`) USING BTREE,
  INDEX `idx_position_status_order`(`position`, `status`, `display_order`) USING BTREE
) ENGINE = InnoDB AUTO_INCREMENT = 4 CHARACTER SET = utf8mb4 COLLATE = utf8mb4_unicode_ci COMMENT = '资讯专题/推荐位' ROW_FORMAT = Dynamic;

-- ----------------------------
-- Records of t_news_spotlight
-- ----------------------------
INSERT INTO `t_news_spotlight` VALUES (1, '今日焦点：争冠关键战', '英超/西甲/欧冠热点聚焦', 'https://images.unsplash.com/photo-1518091043644-c1d4457512c6?auto=format&fit=crop&w=1200&q=80', '重点关注今天最值得关注的焦点比赛与战术看点。', 1, 'HERO', 'ACTIVE', NULL, NULL, '2026-05-27 17:16:19', '2026-05-27 17:16:19');
INSERT INTO `t_news_spotlight` VALUES (2, '转会窗口观察', '夏窗动态持续更新', 'https://images.unsplash.com/photo-1522778119026-d647f0596c20?auto=format&fit=crop&w=1200&q=80', '梳理近期最值得跟进的转会传闻与官宣。', 2, 'SIDEBAR', 'ACTIVE', NULL, NULL, '2026-05-27 17:16:19', '2026-05-27 17:16:19');
INSERT INTO `t_news_spotlight` VALUES (3, '赛前伤停报告', '赛前信息一站掌握', 'https://images.unsplash.com/photo-1521412644187-c49fa049e84d?auto=format&fit=crop&w=1200&q=80', '比赛日前的伤停、轮换与阵容变化提示。', 3, 'SIDEBAR', 'ACTIVE', NULL, NULL, '2026-05-27 17:16:19', '2026-05-27 17:16:19');

-- ----------------------------
-- Table structure for t_prediction
-- ----------------------------
DROP TABLE IF EXISTS `t_prediction`;
CREATE TABLE `t_prediction`  (
  `id` bigint(20) NOT NULL AUTO_INCREMENT COMMENT '预测ID',
  `user_id` bigint(20) NULL DEFAULT NULL COMMENT '用户ID',
  `fixture_id` bigint(20) NOT NULL COMMENT '比赛ID',
  `home_team_id` bigint(20) NOT NULL COMMENT '主队ID',
  `away_team_id` bigint(20) NOT NULL COMMENT '客队ID',
  `home_team_name` varchar(128) CHARACTER SET utf8mb4 COLLATE utf8mb4_unicode_ci NULL DEFAULT NULL COMMENT '主队名称(冗余)',
  `away_team_name` varchar(128) CHARACTER SET utf8mb4 COLLATE utf8mb4_unicode_ci NULL DEFAULT NULL COMMENT '客队名称(冗余)',
  `league_name` varchar(128) CHARACTER SET utf8mb4 COLLATE utf8mb4_unicode_ci NULL DEFAULT NULL COMMENT '联赛名称(冗余)',
  `result_label` varchar(16) CHARACTER SET utf8mb4 COLLATE utf8mb4_unicode_ci NULL DEFAULT NULL COMMENT '预测结果: HOME_WIN/DRAW/AWAY_WIN',
  `home_win_prob` double NULL DEFAULT NULL COMMENT '主队胜概率',
  `draw_prob` double NULL DEFAULT NULL COMMENT '平局概率',
  `away_win_prob` double NULL DEFAULT NULL COMMENT '客队胜概率',
  `explanation` varchar(512) CHARACTER SET utf8mb4 COLLATE utf8mb4_unicode_ci NULL DEFAULT NULL COMMENT '预测解释',
  `is_correct` tinyint(4) NULL DEFAULT NULL COMMENT '是否正确: 1=正确, 0=错误, NULL=未验证',
  `actual_result` varchar(16) CHARACTER SET utf8mb4 COLLATE utf8mb4_unicode_ci NULL DEFAULT NULL COMMENT '实际结果',
  `created_at` datetime NOT NULL DEFAULT CURRENT_TIMESTAMP COMMENT '预测时间',
  `verified_at` datetime NULL DEFAULT NULL COMMENT '验证时间(比赛结束后)',
  `model_version` varchar(64) CHARACTER SET utf8mb4 COLLATE utf8mb4_unicode_ci NULL DEFAULT NULL,
  PRIMARY KEY (`id`) USING BTREE,
  INDEX `idx_fixture_id`(`fixture_id`) USING BTREE,
  INDEX `idx_user_id`(`user_id`) USING BTREE,
  INDEX `idx_created_at`(`created_at`) USING BTREE,
  INDEX `idx_league_name`(`league_name`) USING BTREE
) ENGINE = InnoDB AUTO_INCREMENT = 21 CHARACTER SET = utf8mb4 COLLATE = utf8mb4_unicode_ci COMMENT = '预测记录表' ROW_FORMAT = Dynamic;

-- ----------------------------
-- Records of t_prediction
-- ----------------------------
INSERT INTO `t_prediction` VALUES (14, 2, 104, 0, 0, '伊朗', '冈比亚', '国际友谊赛', 'HOME_WIN', 0.65, 0.25, 0.1, '结合公开赛程与近况样本，伊朗 vs 冈比亚 的最近交锋样本为 7 场；联赛/赛事：国际友谊赛。历史结果显示主队胜 0、平 0、客队胜 0。当前模型结论：客队获胜。', NULL, NULL, '2026-05-29 20:49:59', NULL, 'xgboost-v2');
INSERT INTO `t_prediction` VALUES (15, 2, 105, 0, 0, '安道尔', '伊拉克', '国际友谊赛', 'AWAY_WIN', 0.12, 0.23, 0.65, '结合公开赛程与近况样本，安道尔 vs 伊拉克 的最近交锋样本为 7 场；联赛/赛事：国际友谊赛。历史结果显示主队胜 0、平 0、客队胜 0。当前模型结论：主队获胜。', NULL, NULL, '2026-05-30 12:54:56', NULL, 'xgboost-v2');
INSERT INTO `t_prediction` VALUES (16, 2, 106, 0, 0, '南非', '尼加拉瓜', '国际友谊赛', 'HOME_WIN', 0.55, 0.25, 0.2, '结合公开赛程与近况样本，南非 vs 尼加拉瓜 的最近交锋样本为 8 场；联赛/赛事：国际友谊赛。历史结果显示主队胜 0、平 0、客队胜 0。当前模型结论：主队获胜。', NULL, NULL, '2026-05-30 12:56:29', NULL, 'xgboost-v2');
INSERT INTO `t_prediction` VALUES (17, 2, 152, 1028433534, 685622356, '威尼斯', '佛罗伦萨', '联赛', 'AWAY_WIN', 0.25, 0.3, 0.45, '结合公开赛程与近况样本，威尼斯 vs 佛罗伦萨 的最近交锋样本为 132 场；联赛/赛事：联赛。历史结果显示主队胜 0、平 3、客队胜 0。当前模型结论：客队获胜。', NULL, NULL, '2026-06-07 11:18:10', NULL, 'xgboost-v2');
INSERT INTO `t_prediction` VALUES (18, 2, 2007, 0, 0, '墨西哥', '南非', '2026世界杯', 'HOME_WIN', 0.6, 0.25, 0.15, '结合公开赛程与近况样本，墨西哥 vs 南非 的最近交锋样本为 7 场；联赛/赛事：2026世界杯。历史结果显示主队胜 0、平 0、客队胜 0。当前模型结论：客队获胜。', NULL, NULL, '2026-06-07 14:47:51', NULL, 'xgboost-v2');
INSERT INTO `t_prediction` VALUES (19, 2, 2008, 0, 0, '韩国', '捷克', '2026世界杯', 'HOME_WIN', 0.4, 0.3, 0.3, '结合公开赛程与近况样本，韩国 vs 捷克 的最近交锋样本为 6 场；联赛/赛事：2026世界杯。历史结果显示主队胜 0、平 0、客队胜 0。当前模型结论：主队获胜。', NULL, NULL, '2026-06-07 14:48:32', NULL, 'xgboost-v2');
INSERT INTO `t_prediction` VALUES (20, 2, 2008, 0, 0, '韩国', '捷克', '2026世界杯', 'HOME_WIN', 0.45, 0.3, 0.25, '结合公开赛程与近况样本，韩国 vs 捷克 的最近交锋样本为 6 场；联赛/赛事：2026世界杯。历史结果显示主队胜 0、平 0、客队胜 0。当前模型结论：主队获胜。', NULL, NULL, '2026-06-07 14:50:00', NULL, 'xgboost-v2');

-- ----------------------------
-- Table structure for t_prediction_history
-- ----------------------------
DROP TABLE IF EXISTS `t_prediction_history`;
CREATE TABLE `t_prediction_history`  (
  `id` bigint(20) NOT NULL AUTO_INCREMENT COMMENT '历史ID',
  `user_id` bigint(20) NOT NULL COMMENT '用户ID',
  `fixture_id` bigint(20) NOT NULL COMMENT '比赛ID',
  `home_team_id` varchar(64) CHARACTER SET utf8mb4 COLLATE utf8mb4_general_ci NULL DEFAULT NULL COMMENT '主队ID',
  `away_team_id` varchar(64) CHARACTER SET utf8mb4 COLLATE utf8mb4_general_ci NULL DEFAULT NULL COMMENT '客队ID',
  `home_team_name` varchar(128) CHARACTER SET utf8mb4 COLLATE utf8mb4_general_ci NULL DEFAULT NULL COMMENT '主队名称',
  `away_team_name` varchar(128) CHARACTER SET utf8mb4 COLLATE utf8mb4_general_ci NULL DEFAULT NULL COMMENT '客队名称',
  `league_name` varchar(128) CHARACTER SET utf8mb4 COLLATE utf8mb4_general_ci NULL DEFAULT NULL COMMENT '联赛名称',
  `home_win_prob` decimal(6, 4) NULL DEFAULT NULL COMMENT '主胜概率',
  `draw_prob` decimal(6, 4) NULL DEFAULT NULL COMMENT '平局概率',
  `away_win_prob` decimal(6, 4) NULL DEFAULT NULL COMMENT '客胜概率',
  `result_label` varchar(32) CHARACTER SET utf8mb4 COLLATE utf8mb4_general_ci NULL DEFAULT NULL COMMENT '预测结果标签',
  `explanation` varchar(2000) CHARACTER SET utf8mb4 COLLATE utf8mb4_general_ci NULL DEFAULT NULL COMMENT '说明',
  `is_correct` tinyint(4) NULL DEFAULT NULL COMMENT '是否正确',
  `created_at` datetime NOT NULL DEFAULT CURRENT_TIMESTAMP COMMENT '创建时间',
  `actual_result` varchar(32) CHARACTER SET utf8mb4 COLLATE utf8mb4_general_ci NULL DEFAULT NULL COMMENT '实际结果标签',
  `verified_at` datetime NULL DEFAULT NULL COMMENT '校验时间',
  PRIMARY KEY (`id`) USING BTREE,
  INDEX `idx_user_id`(`user_id`) USING BTREE,
  INDEX `idx_fixture_id`(`fixture_id`) USING BTREE,
  INDEX `idx_created_at`(`created_at`) USING BTREE
) ENGINE = InnoDB AUTO_INCREMENT = 1 CHARACTER SET = utf8mb4 COLLATE = utf8mb4_general_ci ROW_FORMAT = Dynamic;

-- ----------------------------
-- Records of t_prediction_history
-- ----------------------------

-- ----------------------------
-- Table structure for t_system_config
-- ----------------------------
DROP TABLE IF EXISTS `t_system_config`;
CREATE TABLE `t_system_config`  (
  `id` bigint(20) NOT NULL AUTO_INCREMENT COMMENT '主键ID',
  `config_key` varchar(128) CHARACTER SET utf8mb4 COLLATE utf8mb4_general_ci NOT NULL COMMENT '配置键',
  `config_value` text CHARACTER SET utf8mb4 COLLATE utf8mb4_general_ci NULL COMMENT '配置值',
  `config_desc` varchar(255) CHARACTER SET utf8mb4 COLLATE utf8mb4_general_ci NULL DEFAULT NULL COMMENT '描述',
  `updated_by` bigint(20) NULL DEFAULT NULL COMMENT '更新人ID',
  `updated_at` datetime NOT NULL DEFAULT CURRENT_TIMESTAMP ON UPDATE CURRENT_TIMESTAMP COMMENT '更新时间',
  PRIMARY KEY (`id`) USING BTREE,
  UNIQUE INDEX `uk_config_key`(`config_key`) USING BTREE
) ENGINE = InnoDB AUTO_INCREMENT = 5 CHARACTER SET = utf8mb4 COLLATE = utf8mb4_general_ci COMMENT = '系统配置表' ROW_FORMAT = Dynamic;

-- ----------------------------
-- Records of t_system_config
-- ----------------------------
INSERT INTO `t_system_config` VALUES (1, 'news.audit.mode', 'AUTO', '资讯审核模式 AUTO/MANUAL', NULL, '2026-05-27 18:26:55');
INSERT INTO `t_system_config` VALUES (2, 'news.default.status', 'DRAFT', '资讯默认状态', NULL, '2026-05-27 18:26:55');
INSERT INTO `t_system_config` VALUES (3, 'match.override.enabled', 'true', '比赛人工维护开关', NULL, '2026-05-27 18:26:55');
INSERT INTO `t_system_config` VALUES (4, 'admin.dashboard.refresh', '60', '后台仪表盘自动刷新秒数', NULL, '2026-05-27 18:26:55');

-- ----------------------------
-- Table structure for t_team_cache
-- ----------------------------
DROP TABLE IF EXISTS `t_team_cache`;
CREATE TABLE `t_team_cache`  (
  `id` bigint(20) NOT NULL AUTO_INCREMENT COMMENT '缓存ID',
  `team_id` bigint(20) NOT NULL COMMENT '球队ID',
  `team_name` varchar(128) CHARACTER SET utf8mb4 COLLATE utf8mb4_unicode_ci NOT NULL COMMENT '球队名称',
  `team_logo` varchar(512) CHARACTER SET utf8mb4 COLLATE utf8mb4_unicode_ci NULL DEFAULT NULL COMMENT '球队logo',
  `league_id` bigint(20) NULL DEFAULT NULL COMMENT '所属联赛ID',
  `league_name` varchar(128) CHARACTER SET utf8mb4 COLLATE utf8mb4_unicode_ci NULL DEFAULT NULL COMMENT '联赛名称',
  `venue` varchar(128) CHARACTER SET utf8mb4 COLLATE utf8mb4_unicode_ci NULL DEFAULT NULL COMMENT '主场',
  `country` varchar(64) CHARACTER SET utf8mb4 COLLATE utf8mb4_unicode_ci NULL DEFAULT NULL COMMENT '国家',
  `founded` int(11) NULL DEFAULT NULL COMMENT '成立年份',
  `elo_rating` double NOT NULL DEFAULT 1500 COMMENT 'ELO评分',
  `created_at` datetime NOT NULL DEFAULT CURRENT_TIMESTAMP COMMENT '创建时间',
  `updated_at` datetime NOT NULL DEFAULT CURRENT_TIMESTAMP ON UPDATE CURRENT_TIMESTAMP COMMENT '更新时间',
  PRIMARY KEY (`id`) USING BTREE,
  UNIQUE INDEX `uk_team_id`(`team_id`) USING BTREE,
  INDEX `idx_league_id`(`league_id`) USING BTREE
) ENGINE = InnoDB AUTO_INCREMENT = 99 CHARACTER SET = utf8mb4 COLLATE = utf8mb4_unicode_ci COMMENT = '球队信息缓存表' ROW_FORMAT = Dynamic;

-- ----------------------------
-- Records of t_team_cache
-- ----------------------------
INSERT INTO `t_team_cache` VALUES (1, 33, 'Manchester United', 'https://media.api-sports.io/football/teams/33.png', 39, NULL, 'Old Trafford', NULL, NULL, 1500, '2026-05-22 13:22:19', '2026-05-22 18:30:02');
INSERT INTO `t_team_cache` VALUES (2, 34, 'Newcastle', 'https://media.api-sports.io/football/teams/34.png', 39, NULL, 'St. James\' Park', NULL, NULL, 1500, '2026-05-22 13:22:19', '2026-05-22 18:30:02');
INSERT INTO `t_team_cache` VALUES (3, 35, 'Bournemouth', 'https://media.api-sports.io/football/teams/35.png', 39, NULL, 'Vitality Stadium', NULL, NULL, 1500, '2026-05-22 13:22:19', '2026-05-22 18:30:02');
INSERT INTO `t_team_cache` VALUES (4, 36, 'Fulham', 'https://media.api-sports.io/football/teams/36.png', 39, NULL, 'Craven Cottage', NULL, NULL, 1500, '2026-05-22 13:22:19', '2026-05-22 18:30:02');
INSERT INTO `t_team_cache` VALUES (5, 39, 'Wolves', 'https://media.api-sports.io/football/teams/39.png', 39, NULL, 'Molineux Stadium', NULL, NULL, 1500, '2026-05-22 13:22:19', '2026-05-22 18:30:02');
INSERT INTO `t_team_cache` VALUES (6, 40, 'Liverpool', 'https://media.api-sports.io/football/teams/40.png', 39, NULL, 'Anfield', NULL, NULL, 1500, '2026-05-22 13:22:19', '2026-05-22 18:30:02');
INSERT INTO `t_team_cache` VALUES (7, 41, 'Southampton', 'https://media.api-sports.io/football/teams/41.png', 39, NULL, 'St. Mary\'s Stadium', NULL, NULL, 1500, '2026-05-22 13:22:19', '2026-05-22 18:30:02');
INSERT INTO `t_team_cache` VALUES (8, 42, 'Arsenal', 'https://media.api-sports.io/football/teams/42.png', 39, NULL, 'Emirates Stadium', NULL, NULL, 1500, '2026-05-22 13:22:19', '2026-05-22 18:30:02');
INSERT INTO `t_team_cache` VALUES (9, 45, 'Everton', 'https://media.api-sports.io/football/teams/45.png', 39, NULL, 'Hill Dickinson Stadium', NULL, NULL, 1500, '2026-05-22 13:22:19', '2026-05-22 18:30:02');
INSERT INTO `t_team_cache` VALUES (10, 46, 'Leicester', 'https://media.api-sports.io/football/teams/46.png', 39, NULL, 'King Power Stadium', NULL, NULL, 1500, '2026-05-22 13:22:19', '2026-05-22 18:30:02');
INSERT INTO `t_team_cache` VALUES (11, 47, 'Tottenham', 'https://media.api-sports.io/football/teams/47.png', 39, NULL, 'Tottenham Hotspur Stadium', NULL, NULL, 1500, '2026-05-22 13:22:19', '2026-05-22 18:30:02');
INSERT INTO `t_team_cache` VALUES (12, 48, 'West Ham', 'https://media.api-sports.io/football/teams/48.png', 39, NULL, 'London Stadium', NULL, NULL, 1500, '2026-05-22 13:22:19', '2026-05-22 18:30:02');
INSERT INTO `t_team_cache` VALUES (13, 49, 'Chelsea', 'https://media.api-sports.io/football/teams/49.png', 39, NULL, 'Stamford Bridge', NULL, NULL, 1500, '2026-05-22 13:22:19', '2026-05-22 18:30:02');
INSERT INTO `t_team_cache` VALUES (14, 50, 'Manchester City', 'https://media.api-sports.io/football/teams/50.png', 39, NULL, 'Etihad Stadium', NULL, NULL, 1500, '2026-05-22 13:22:19', '2026-05-22 18:30:02');
INSERT INTO `t_team_cache` VALUES (15, 51, 'Brighton', 'https://media.api-sports.io/football/teams/51.png', 39, NULL, 'American Express Stadium', NULL, NULL, 1500, '2026-05-22 13:22:19', '2026-05-22 18:30:02');
INSERT INTO `t_team_cache` VALUES (16, 52, 'Crystal Palace', 'https://media.api-sports.io/football/teams/52.png', 39, NULL, 'Selhurst Park', NULL, NULL, 1500, '2026-05-22 13:22:19', '2026-05-22 18:30:02');
INSERT INTO `t_team_cache` VALUES (17, 55, 'Brentford', 'https://media.api-sports.io/football/teams/55.png', 39, NULL, 'Gtech Community Stadium', NULL, NULL, 1500, '2026-05-22 13:22:19', '2026-05-22 18:30:02');
INSERT INTO `t_team_cache` VALUES (18, 57, 'Ipswich', 'https://media.api-sports.io/football/teams/57.png', 39, NULL, 'Portman Road', NULL, NULL, 1500, '2026-05-22 13:22:19', '2026-05-22 18:30:02');
INSERT INTO `t_team_cache` VALUES (19, 65, 'Nottingham Forest', 'https://media.api-sports.io/football/teams/65.png', 39, NULL, 'The City Ground', NULL, NULL, 1500, '2026-05-22 13:22:19', '2026-05-22 18:30:02');
INSERT INTO `t_team_cache` VALUES (20, 66, 'Aston Villa', 'https://media.api-sports.io/football/teams/66.png', 39, NULL, 'Villa Park', NULL, NULL, 1500, '2026-05-22 13:22:19', '2026-05-22 18:30:02');
INSERT INTO `t_team_cache` VALUES (21, 529, 'Barcelona', 'https://media.api-sports.io/football/teams/529.png', 140, NULL, 'Camp Nou', NULL, NULL, 1500, '2026-05-22 13:22:23', '2026-05-22 18:30:09');
INSERT INTO `t_team_cache` VALUES (22, 530, 'Atletico Madrid', 'https://media.api-sports.io/football/teams/530.png', 140, NULL, 'Estádio Cívitas Metropolitano', NULL, NULL, 1500, '2026-05-22 13:22:23', '2026-05-22 18:30:09');
INSERT INTO `t_team_cache` VALUES (23, 531, 'Athletic Club', 'https://media.api-sports.io/football/teams/531.png', 140, NULL, 'San Mamés Barria', NULL, NULL, 1500, '2026-05-22 13:22:23', '2026-05-22 18:30:09');
INSERT INTO `t_team_cache` VALUES (24, 532, 'Valencia', 'https://media.api-sports.io/football/teams/532.png', 140, NULL, 'Estadio de Mestalla', NULL, NULL, 1500, '2026-05-22 13:22:23', '2026-05-22 18:30:09');
INSERT INTO `t_team_cache` VALUES (25, 533, 'Villarreal', 'https://media.api-sports.io/football/teams/533.png', 140, NULL, 'Estadio de la Cerámica', NULL, NULL, 1500, '2026-05-22 13:22:23', '2026-05-22 18:30:09');
INSERT INTO `t_team_cache` VALUES (26, 534, 'Las Palmas', 'https://media.api-sports.io/football/teams/534.png', 140, NULL, 'Estadio de Gran Canaria', NULL, NULL, 1500, '2026-05-22 13:22:23', '2026-05-22 18:30:09');
INSERT INTO `t_team_cache` VALUES (27, 536, 'Sevilla', 'https://media.api-sports.io/football/teams/536.png', 140, NULL, 'Estadio Ramón Sánchez Pizjuán', NULL, NULL, 1500, '2026-05-22 13:22:23', '2026-05-22 18:30:09');
INSERT INTO `t_team_cache` VALUES (28, 537, 'Leganes', 'https://media.api-sports.io/football/teams/537.png', 140, NULL, 'Estadio Municipal de Butarque', NULL, NULL, 1500, '2026-05-22 13:22:23', '2026-05-22 18:30:09');
INSERT INTO `t_team_cache` VALUES (29, 538, 'Celta Vigo', 'https://media.api-sports.io/football/teams/538.png', 140, NULL, 'Estadio Abanca-Balaídos', NULL, NULL, 1500, '2026-05-22 13:22:23', '2026-05-22 18:30:09');
INSERT INTO `t_team_cache` VALUES (30, 540, 'Espanyol', 'https://media.api-sports.io/football/teams/540.png', 140, NULL, 'Stage Front Stadium', NULL, NULL, 1500, '2026-05-22 13:22:23', '2026-05-22 18:30:09');
INSERT INTO `t_team_cache` VALUES (31, 541, 'Real Madrid', 'https://media.api-sports.io/football/teams/541.png', 140, NULL, 'Estadio Santiago Bernabéu', NULL, NULL, 1500, '2026-05-22 13:22:23', '2026-05-22 18:30:09');
INSERT INTO `t_team_cache` VALUES (32, 542, 'Alaves', 'https://media.api-sports.io/football/teams/542.png', 140, NULL, 'Estadio de Mendizorroza', NULL, NULL, 1500, '2026-05-22 13:22:23', '2026-05-22 18:30:09');
INSERT INTO `t_team_cache` VALUES (33, 543, 'Real Betis', 'https://media.api-sports.io/football/teams/543.png', 140, NULL, 'Estadio La Cartuja de Sevilla', NULL, NULL, 1500, '2026-05-22 13:22:23', '2026-05-22 18:30:09');
INSERT INTO `t_team_cache` VALUES (34, 546, 'Getafe', 'https://media.api-sports.io/football/teams/546.png', 140, NULL, 'Estadio Coliseum', NULL, NULL, 1500, '2026-05-22 13:22:23', '2026-05-22 18:30:09');
INSERT INTO `t_team_cache` VALUES (35, 547, 'Girona', 'https://media.api-sports.io/football/teams/547.png', 140, NULL, 'Estadi Municipal de Montilivi', NULL, NULL, 1500, '2026-05-22 13:22:23', '2026-05-22 18:30:09');
INSERT INTO `t_team_cache` VALUES (36, 548, 'Real Sociedad', 'https://media.api-sports.io/football/teams/548.png', 140, NULL, 'Reale Arena', NULL, NULL, 1500, '2026-05-22 13:22:23', '2026-05-22 18:30:09');
INSERT INTO `t_team_cache` VALUES (37, 720, 'Valladolid', 'https://media.api-sports.io/football/teams/720.png', 140, NULL, 'Estadio Municipal José Zorrilla', NULL, NULL, 1500, '2026-05-22 13:22:23', '2026-05-22 18:30:09');
INSERT INTO `t_team_cache` VALUES (38, 727, 'Osasuna', 'https://media.api-sports.io/football/teams/727.png', 140, NULL, 'Estadio El Sadar', NULL, NULL, 1500, '2026-05-22 13:22:23', '2026-05-22 18:30:09');
INSERT INTO `t_team_cache` VALUES (39, 728, 'Rayo Vallecano', 'https://media.api-sports.io/football/teams/728.png', 140, NULL, 'Estadio de Vallecas', NULL, NULL, 1500, '2026-05-22 13:22:23', '2026-05-22 18:30:09');
INSERT INTO `t_team_cache` VALUES (40, 798, 'Mallorca', 'https://media.api-sports.io/football/teams/798.png', 140, NULL, 'Estadi Mallorca Son Moix', NULL, NULL, 1500, '2026-05-22 13:22:23', '2026-05-22 18:30:09');
INSERT INTO `t_team_cache` VALUES (41, 487, 'Lazio', 'https://media.api-sports.io/football/teams/487.png', 135, NULL, 'Stadio Olimpico', NULL, NULL, 1500, '2026-05-22 13:22:27', '2026-05-22 18:30:14');
INSERT INTO `t_team_cache` VALUES (42, 489, 'AC Milan', 'https://media.api-sports.io/football/teams/489.png', 135, NULL, 'Stadio Giuseppe Meazza', NULL, NULL, 1500, '2026-05-22 13:22:27', '2026-05-22 18:30:14');
INSERT INTO `t_team_cache` VALUES (43, 490, 'Cagliari', 'https://media.api-sports.io/football/teams/490.png', 135, NULL, 'Unipol Domus', NULL, NULL, 1500, '2026-05-22 13:22:27', '2026-05-22 18:30:14');
INSERT INTO `t_team_cache` VALUES (44, 492, 'Napoli', 'https://media.api-sports.io/football/teams/492.png', 135, NULL, 'Stadio Diego Armando Maradona', NULL, NULL, 1500, '2026-05-22 13:22:27', '2026-05-22 18:30:14');
INSERT INTO `t_team_cache` VALUES (45, 494, 'Udinese', 'https://media.api-sports.io/football/teams/494.png', 135, NULL, 'Bluenergy Stadium', NULL, NULL, 1500, '2026-05-22 13:22:27', '2026-05-22 18:30:14');
INSERT INTO `t_team_cache` VALUES (46, 495, 'Genoa', 'https://media.api-sports.io/football/teams/495.png', 135, NULL, 'Stadio Comunale Luigi Ferraris', NULL, NULL, 1500, '2026-05-22 13:22:27', '2026-05-22 18:30:14');
INSERT INTO `t_team_cache` VALUES (47, 496, 'Juventus', 'https://media.api-sports.io/football/teams/496.png', 135, NULL, 'Allianz Stadium', NULL, NULL, 1500, '2026-05-22 13:22:27', '2026-05-22 18:30:14');
INSERT INTO `t_team_cache` VALUES (48, 497, 'AS Roma', 'https://media.api-sports.io/football/teams/497.png', 135, NULL, 'Stadio Olimpico', NULL, NULL, 1500, '2026-05-22 13:22:27', '2026-05-22 18:30:14');
INSERT INTO `t_team_cache` VALUES (49, 499, 'Atalanta', 'https://media.api-sports.io/football/teams/499.png', 135, NULL, 'Gewiss Stadium', NULL, NULL, 1500, '2026-05-22 13:22:27', '2026-05-22 18:30:14');
INSERT INTO `t_team_cache` VALUES (50, 500, 'Bologna', 'https://media.api-sports.io/football/teams/500.png', 135, NULL, 'Stadio Renato Dall\'Ara', NULL, NULL, 1500, '2026-05-22 13:22:27', '2026-05-22 18:30:14');
INSERT INTO `t_team_cache` VALUES (51, 502, 'Fiorentina', 'https://media.api-sports.io/football/teams/502.png', 135, NULL, 'Stadio Artemio Franchi', NULL, NULL, 1500, '2026-05-22 13:22:27', '2026-05-22 18:30:14');
INSERT INTO `t_team_cache` VALUES (52, 503, 'Torino', 'https://media.api-sports.io/football/teams/503.png', 135, NULL, 'Stadio Olimpico Grande Torino', NULL, NULL, 1500, '2026-05-22 13:22:27', '2026-05-22 18:30:14');
INSERT INTO `t_team_cache` VALUES (53, 504, 'Hellas Verona', 'https://media.api-sports.io/football/teams/504.png', 135, NULL, 'Stadio Marc\'Antonio Bentegodi', NULL, NULL, 1500, '2026-05-22 13:22:27', '2026-05-22 18:30:14');
INSERT INTO `t_team_cache` VALUES (54, 505, 'Inter', 'https://media.api-sports.io/football/teams/505.png', 135, NULL, 'Stadio Giuseppe Meazza', NULL, NULL, 1500, '2026-05-22 13:22:27', '2026-05-22 18:30:14');
INSERT INTO `t_team_cache` VALUES (55, 511, 'Empoli', 'https://media.api-sports.io/football/teams/511.png', 135, NULL, 'Stadio Carlo Castellani – Computer Gross Arena', NULL, NULL, 1500, '2026-05-22 13:22:27', '2026-05-22 18:30:14');
INSERT INTO `t_team_cache` VALUES (56, 517, 'Venezia', 'https://media.api-sports.io/football/teams/517.png', 135, NULL, 'Stadio Pierluigi Penzo', NULL, NULL, 1500, '2026-05-22 13:22:27', '2026-05-22 18:30:14');
INSERT INTO `t_team_cache` VALUES (57, 523, 'Parma', 'https://media.api-sports.io/football/teams/523.png', 135, NULL, 'Stadio Ennio Tardini', NULL, NULL, 1500, '2026-05-22 13:22:27', '2026-05-22 18:30:14');
INSERT INTO `t_team_cache` VALUES (58, 867, 'Lecce', 'https://media.api-sports.io/football/teams/867.png', 135, NULL, 'Stadio Comunale Via del Mare', NULL, NULL, 1500, '2026-05-22 13:22:27', '2026-05-22 18:30:14');
INSERT INTO `t_team_cache` VALUES (59, 895, 'Como', 'https://media.api-sports.io/football/teams/895.png', 135, NULL, 'Stadio Giuseppe Sinigaglia', NULL, NULL, 1500, '2026-05-22 13:22:27', '2026-05-22 18:30:14');
INSERT INTO `t_team_cache` VALUES (60, 1579, 'Monza', 'https://media.api-sports.io/football/teams/1579.png', 135, NULL, 'U-Power Stadium', NULL, NULL, 1500, '2026-05-22 13:22:27', '2026-05-22 18:30:14');
INSERT INTO `t_team_cache` VALUES (61, 157, 'Bayern München', 'https://media.api-sports.io/football/teams/157.png', 78, NULL, 'Fußball Arena München', NULL, NULL, 1500, '2026-05-22 13:22:31', '2026-05-22 18:30:19');
INSERT INTO `t_team_cache` VALUES (62, 160, 'SC Freiburg', 'https://media.api-sports.io/football/teams/160.png', 78, NULL, 'Europa-Park Stadion', NULL, NULL, 1500, '2026-05-22 13:22:31', '2026-05-22 18:30:19');
INSERT INTO `t_team_cache` VALUES (63, 161, 'VfL Wolfsburg', 'https://media.api-sports.io/football/teams/161.png', 78, NULL, 'Volkswagen Arena', NULL, NULL, 1500, '2026-05-22 13:22:31', '2026-05-22 18:30:19');
INSERT INTO `t_team_cache` VALUES (64, 162, 'Werder Bremen', 'https://media.api-sports.io/football/teams/162.png', 78, NULL, 'wohninvest WESERSTADION', NULL, NULL, 1500, '2026-05-22 13:22:31', '2026-05-22 18:30:19');
INSERT INTO `t_team_cache` VALUES (65, 163, 'Borussia Mönchengladbach', 'https://media.api-sports.io/football/teams/163.png', 78, NULL, 'BORUSSIA-PARK', NULL, NULL, 1500, '2026-05-22 13:22:31', '2026-05-22 18:30:19');
INSERT INTO `t_team_cache` VALUES (66, 164, 'FSV Mainz 05', 'https://media.api-sports.io/football/teams/164.png', 78, NULL, 'MEWA ARENA', NULL, NULL, 1500, '2026-05-22 13:22:31', '2026-05-22 18:30:19');
INSERT INTO `t_team_cache` VALUES (67, 165, 'Borussia Dortmund', 'https://media.api-sports.io/football/teams/165.png', 78, NULL, 'BVB Stadion Dortmund', NULL, NULL, 1500, '2026-05-22 13:22:31', '2026-05-22 18:30:19');
INSERT INTO `t_team_cache` VALUES (68, 167, '1899 Hoffenheim', 'https://media.api-sports.io/football/teams/167.png', 78, NULL, 'PreZero Arena', NULL, NULL, 1500, '2026-05-22 13:22:31', '2026-05-22 18:30:19');
INSERT INTO `t_team_cache` VALUES (69, 168, 'Bayer Leverkusen', 'https://media.api-sports.io/football/teams/168.png', 78, NULL, 'BayArena', NULL, NULL, 1500, '2026-05-22 13:22:31', '2026-05-22 18:30:19');
INSERT INTO `t_team_cache` VALUES (70, 169, 'Eintracht Frankfurt', 'https://media.api-sports.io/football/teams/169.png', 78, NULL, 'Frankfurt Arena', NULL, NULL, 1500, '2026-05-22 13:22:31', '2026-05-22 18:30:19');
INSERT INTO `t_team_cache` VALUES (71, 170, 'FC Augsburg', 'https://media.api-sports.io/football/teams/170.png', 78, NULL, 'WWK Arena', NULL, NULL, 1500, '2026-05-22 13:22:31', '2026-05-22 18:30:19');
INSERT INTO `t_team_cache` VALUES (72, 172, 'VfB Stuttgart', 'https://media.api-sports.io/football/teams/172.png', 78, NULL, 'MHPArena', NULL, NULL, 1500, '2026-05-22 13:22:31', '2026-05-22 18:30:19');
INSERT INTO `t_team_cache` VALUES (73, 173, 'RB Leipzig', 'https://media.api-sports.io/football/teams/173.png', 78, NULL, 'Leipzig Stadium', NULL, NULL, 1500, '2026-05-22 13:22:31', '2026-05-22 18:30:19');
INSERT INTO `t_team_cache` VALUES (74, 176, 'VfL Bochum', 'https://media.api-sports.io/football/teams/176.png', 78, NULL, 'Vonovia Ruhrstadion', NULL, NULL, 1500, '2026-05-22 13:22:31', '2026-05-22 18:30:19');
INSERT INTO `t_team_cache` VALUES (75, 180, '1. FC Heidenheim', 'https://media.api-sports.io/football/teams/180.png', 78, NULL, 'Voith-Arena', NULL, NULL, 1500, '2026-05-22 13:22:31', '2026-05-22 18:30:19');
INSERT INTO `t_team_cache` VALUES (76, 182, 'Union Berlin', 'https://media.api-sports.io/football/teams/182.png', 78, NULL, 'Stadion An der Alten Försterei', NULL, NULL, 1500, '2026-05-22 13:22:31', '2026-05-22 18:30:19');
INSERT INTO `t_team_cache` VALUES (77, 186, 'FC St. Pauli', 'https://media.api-sports.io/football/teams/186.png', 78, NULL, 'Millerntor-Stadion', NULL, NULL, 1500, '2026-05-22 13:22:31', '2026-05-22 18:30:19');
INSERT INTO `t_team_cache` VALUES (78, 191, 'Holstein Kiel', 'https://media.api-sports.io/football/teams/191.png', 78, NULL, 'Holstein-Stadion', NULL, NULL, 1500, '2026-05-22 13:22:31', '2026-05-22 18:30:19');
INSERT INTO `t_team_cache` VALUES (79, 1660, 'SV Elversberg', 'https://media.api-sports.io/football/teams/1660.png', 78, NULL, 'URSAPHARM-Arena an der Kaiserlinde', NULL, NULL, 1500, '2026-05-22 13:22:31', '2026-05-22 18:30:19');
INSERT INTO `t_team_cache` VALUES (80, 77, 'Angers', 'https://media.api-sports.io/football/teams/77.png', 61, NULL, 'Stade Raymond-Kopa', NULL, NULL, 1500, '2026-05-22 13:22:35', '2026-05-22 18:30:23');
INSERT INTO `t_team_cache` VALUES (81, 79, 'Lille', 'https://media.api-sports.io/football/teams/79.png', 61, NULL, 'Decathlon Arena - Stade Pierre-Mauroy', NULL, NULL, 1500, '2026-05-22 13:22:35', '2026-05-22 18:30:23');
INSERT INTO `t_team_cache` VALUES (82, 80, 'Lyon', 'https://media.api-sports.io/football/teams/80.png', 61, NULL, 'Groupama Stadium', NULL, NULL, 1500, '2026-05-22 13:22:35', '2026-05-22 18:30:23');
INSERT INTO `t_team_cache` VALUES (83, 81, 'Marseille', 'https://media.api-sports.io/football/teams/81.png', 61, NULL, 'Stade Orange Vélodrome', NULL, NULL, 1500, '2026-05-22 13:22:35', '2026-05-22 18:30:23');
INSERT INTO `t_team_cache` VALUES (84, 82, 'Montpellier', 'https://media.api-sports.io/football/teams/82.png', 61, NULL, 'Stade de la Mosson-Mondial 98', NULL, NULL, 1500, '2026-05-22 13:22:35', '2026-05-22 18:30:23');
INSERT INTO `t_team_cache` VALUES (85, 83, 'Nantes', 'https://media.api-sports.io/football/teams/83.png', 61, NULL, 'Stade de la Beaujoire - Louis Fonteneau', NULL, NULL, 1500, '2026-05-22 13:22:35', '2026-05-22 18:30:23');
INSERT INTO `t_team_cache` VALUES (86, 84, 'Nice', 'https://media.api-sports.io/football/teams/84.png', 61, NULL, 'Allianz Riviera', NULL, NULL, 1500, '2026-05-22 13:22:35', '2026-05-22 18:30:23');
INSERT INTO `t_team_cache` VALUES (87, 85, 'Paris Saint Germain', 'https://media.api-sports.io/football/teams/85.png', 61, NULL, 'Parc des Princes', NULL, NULL, 1500, '2026-05-22 13:22:35', '2026-05-22 18:30:23');
INSERT INTO `t_team_cache` VALUES (88, 91, 'Monaco', 'https://media.api-sports.io/football/teams/91.png', 61, NULL, 'Stade Louis-II', NULL, NULL, 1500, '2026-05-22 13:22:35', '2026-05-22 18:30:23');
INSERT INTO `t_team_cache` VALUES (89, 93, 'Reims', 'https://media.api-sports.io/football/teams/93.png', 61, NULL, 'Stade Auguste-Delaune', NULL, NULL, 1500, '2026-05-22 13:22:35', '2026-05-22 18:30:23');
INSERT INTO `t_team_cache` VALUES (90, 94, 'Rennes', 'https://media.api-sports.io/football/teams/94.png', 61, NULL, 'Roazhon Park', NULL, NULL, 1500, '2026-05-22 13:22:35', '2026-05-22 18:30:23');
INSERT INTO `t_team_cache` VALUES (91, 95, 'Strasbourg', 'https://media.api-sports.io/football/teams/95.png', 61, NULL, 'Stade de la Meinau', NULL, NULL, 1500, '2026-05-22 13:22:35', '2026-05-22 18:30:23');
INSERT INTO `t_team_cache` VALUES (92, 96, 'Toulouse', 'https://media.api-sports.io/football/teams/96.png', 61, NULL, 'Stadium de Toulouse', NULL, NULL, 1500, '2026-05-22 13:22:35', '2026-05-22 18:30:23');
INSERT INTO `t_team_cache` VALUES (93, 106, 'Stade Brestois 29', 'https://media.api-sports.io/football/teams/106.png', 61, NULL, 'Stade Francis-Le Blé', NULL, NULL, 1500, '2026-05-22 13:22:35', '2026-05-22 18:30:23');
INSERT INTO `t_team_cache` VALUES (94, 108, 'Auxerre', 'https://media.api-sports.io/football/teams/108.png', 61, NULL, 'Stade de l\'Abbé Deschamps', NULL, NULL, 1500, '2026-05-22 13:22:35', '2026-05-22 18:30:23');
INSERT INTO `t_team_cache` VALUES (95, 111, 'Le Havre', 'https://media.api-sports.io/football/teams/111.png', 61, NULL, 'Stade Océane', NULL, NULL, 1500, '2026-05-22 13:22:35', '2026-05-22 18:30:23');
INSERT INTO `t_team_cache` VALUES (96, 112, 'Metz', 'https://media.api-sports.io/football/teams/112.png', 61, NULL, 'Stade Saint-Symphorien', NULL, NULL, 1500, '2026-05-22 13:22:35', '2026-05-22 18:30:23');
INSERT INTO `t_team_cache` VALUES (97, 116, 'Lens', 'https://media.api-sports.io/football/teams/116.png', 61, NULL, 'Stade Bollaert-Delelis', NULL, NULL, 1500, '2026-05-22 13:22:35', '2026-05-22 18:30:23');
INSERT INTO `t_team_cache` VALUES (98, 1063, 'Saint Etienne', 'https://media.api-sports.io/football/teams/1063.png', 61, NULL, 'Stade Geoffroy-Guichard', NULL, NULL, 1500, '2026-05-22 13:22:35', '2026-05-22 18:30:23');

-- ----------------------------
-- Table structure for t_team_form
-- ----------------------------
DROP TABLE IF EXISTS `t_team_form`;
CREATE TABLE `t_team_form`  (
  `id` bigint(20) NOT NULL AUTO_INCREMENT COMMENT '记录ID',
  `team_id` bigint(20) NOT NULL COMMENT '球队ID',
  `fixture_id` bigint(20) NOT NULL COMMENT '比赛ID',
  `is_home` tinyint(4) NOT NULL COMMENT '是否主场',
  `opponent_id` bigint(20) NOT NULL COMMENT '对手ID',
  `goals` int(11) NOT NULL DEFAULT 0 COMMENT '进球',
  `conceded` int(11) NOT NULL DEFAULT 0 COMMENT '失球',
  `yellow_cards` int(11) NOT NULL DEFAULT 0 COMMENT '黄牌',
  `red_cards` int(11) NOT NULL DEFAULT 0 COMMENT '红牌',
  `result` tinyint(4) NOT NULL COMMENT '结果: 0=胜, 1=平, 2=负',
  `match_time` datetime NOT NULL COMMENT '比赛时间',
  `created_at` datetime NOT NULL DEFAULT CURRENT_TIMESTAMP COMMENT '创建时间',
  PRIMARY KEY (`id`) USING BTREE,
  INDEX `idx_team_id`(`team_id`) USING BTREE,
  INDEX `idx_fixture_id`(`fixture_id`) USING BTREE,
  INDEX `idx_match_time`(`match_time`) USING BTREE
) ENGINE = InnoDB AUTO_INCREMENT = 1 CHARACTER SET = utf8mb4 COLLATE = utf8mb4_unicode_ci COMMENT = '球队历史战绩表' ROW_FORMAT = Dynamic;

-- ----------------------------
-- Records of t_team_form
-- ----------------------------

-- ----------------------------
-- Table structure for t_user
-- ----------------------------
DROP TABLE IF EXISTS `t_user`;
CREATE TABLE `t_user`  (
  `id` bigint(20) NOT NULL AUTO_INCREMENT COMMENT '用户ID',
  `username` varchar(64) CHARACTER SET utf8mb4 COLLATE utf8mb4_general_ci NOT NULL COMMENT '用户名',
  `password_hash` varchar(128) CHARACTER SET utf8mb4 COLLATE utf8mb4_general_ci NOT NULL COMMENT '密码哈希(SHA256)',
  `role` varchar(32) CHARACTER SET utf8mb4 COLLATE utf8mb4_general_ci NOT NULL DEFAULT 'USER' COMMENT '角色:USER/ADMIN',
  `status` varchar(32) CHARACTER SET utf8mb4 COLLATE utf8mb4_general_ci NOT NULL DEFAULT 'ACTIVE' COMMENT '状态:ACTIVE/DISABLED',
  `created_at` datetime NOT NULL DEFAULT CURRENT_TIMESTAMP COMMENT '创建时间',
  PRIMARY KEY (`id`) USING BTREE,
  UNIQUE INDEX `uk_username`(`username`) USING BTREE,
  INDEX `idx_role`(`role`) USING BTREE
) ENGINE = InnoDB AUTO_INCREMENT = 7 CHARACTER SET = utf8mb4 COLLATE = utf8mb4_general_ci COMMENT = '用户表' ROW_FORMAT = Dynamic;

-- ----------------------------
-- Records of t_user
-- ----------------------------
INSERT INTO `t_user` VALUES (1, 'test', '8d969eef6ecad3c29a3a629280e686cf0c3f5d5a86aff3ca12020c923adc6c92', 'USER', 'ACTIVE', '2026-05-27 17:59:15');
INSERT INTO `t_user` VALUES (2, 'admin', '8d969eef6ecad3c29a3a629280e686cf0c3f5d5a86aff3ca12020c923adc6c92', 'ADMIN', 'ACTIVE', '2026-05-27 17:59:15');

-- ----------------------------
-- Table structure for t_user_favorite_match
-- ----------------------------
DROP TABLE IF EXISTS `t_user_favorite_match`;
CREATE TABLE `t_user_favorite_match`  (
  `id` bigint(20) NOT NULL AUTO_INCREMENT COMMENT '收藏ID',
  `user_id` bigint(20) NOT NULL COMMENT '用户ID',
  `fixture_id` bigint(20) NOT NULL COMMENT '比赛ID',
  `home_team_name` varchar(128) CHARACTER SET utf8mb4 COLLATE utf8mb4_unicode_ci NOT NULL COMMENT '主队名称',
  `away_team_name` varchar(128) CHARACTER SET utf8mb4 COLLATE utf8mb4_unicode_ci NOT NULL COMMENT '客队名称',
  `league_name` varchar(128) CHARACTER SET utf8mb4 COLLATE utf8mb4_unicode_ci NULL DEFAULT NULL COMMENT '联赛名称',
  `match_time` datetime NULL DEFAULT NULL COMMENT '比赛时间',
  `created_at` datetime NOT NULL DEFAULT CURRENT_TIMESTAMP COMMENT '收藏时间',
  PRIMARY KEY (`id`) USING BTREE,
  UNIQUE INDEX `uk_user_fixture`(`user_id`, `fixture_id`) USING BTREE,
  INDEX `idx_user_id`(`user_id`) USING BTREE,
  INDEX `idx_fixture_id`(`fixture_id`) USING BTREE
) ENGINE = InnoDB AUTO_INCREMENT = 13 CHARACTER SET = utf8mb4 COLLATE = utf8mb4_unicode_ci COMMENT = '用户收藏比赛表' ROW_FORMAT = Dynamic;

-- ----------------------------
-- Records of t_user_favorite_match
-- ----------------------------
INSERT INTO `t_user_favorite_match` VALUES (7, 2, 83, '都灵', '尤文图斯', NULL, NULL, '2026-05-29 13:13:56');
INSERT INTO `t_user_favorite_match` VALUES (9, 2, 81, '莱切', '热那亚', NULL, NULL, '2026-05-29 13:13:58');
INSERT INTO `t_user_favorite_match` VALUES (10, 2, 82, '克雷莫纳', '科莫', NULL, NULL, '2026-05-29 13:14:01');
INSERT INTO `t_user_favorite_match` VALUES (11, 2, 49, '勒沃库森', '汉堡', NULL, NULL, '2026-05-29 19:43:06');
INSERT INTO `t_user_favorite_match` VALUES (12, 2, 105, '安道尔', '伊拉克', NULL, NULL, '2026-05-30 13:56:12');

-- ----------------------------
-- Table structure for t_user_favorite_team
-- ----------------------------
DROP TABLE IF EXISTS `t_user_favorite_team`;
CREATE TABLE `t_user_favorite_team`  (
  `id` bigint(20) NOT NULL AUTO_INCREMENT COMMENT '收藏ID',
  `user_id` bigint(20) NOT NULL COMMENT '用户ID',
  `team_id` varchar(64) CHARACTER SET utf8mb4 COLLATE utf8mb4_unicode_ci NOT NULL COMMENT '球队ID',
  `team_name` varchar(128) CHARACTER SET utf8mb4 COLLATE utf8mb4_unicode_ci NOT NULL COMMENT '球队名称',
  `team_logo` varchar(512) CHARACTER SET utf8mb4 COLLATE utf8mb4_unicode_ci NULL DEFAULT NULL COMMENT '球队Logo',
  `league_name` varchar(128) CHARACTER SET utf8mb4 COLLATE utf8mb4_unicode_ci NULL DEFAULT NULL COMMENT '联赛名称',
  `created_at` datetime NOT NULL DEFAULT CURRENT_TIMESTAMP COMMENT '收藏时间',
  PRIMARY KEY (`id`) USING BTREE,
  UNIQUE INDEX `uk_user_team`(`user_id`, `team_id`) USING BTREE,
  INDEX `idx_user_id`(`user_id`) USING BTREE,
  INDEX `idx_team_id`(`team_id`) USING BTREE
) ENGINE = InnoDB AUTO_INCREMENT = 12 CHARACTER SET = utf8mb4 COLLATE = utf8mb4_unicode_ci COMMENT = '用户收藏球队表' ROW_FORMAT = Dynamic;

-- ----------------------------
-- Records of t_user_favorite_team
-- ----------------------------
INSERT INTO `t_user_favorite_team` VALUES (1, 1, '伯恩茅斯', '伯恩茅斯', NULL, NULL, '2026-05-28 22:47:56');
INSERT INTO `t_user_favorite_team` VALUES (10, 2, '667967995', '曼彻斯特城', NULL, NULL, '2026-05-30 14:06:50');
INSERT INTO `t_user_favorite_team` VALUES (11, 2, '3009279', 'AC米兰', NULL, NULL, '2026-05-30 14:07:54');

-- ----------------------------
-- Table structure for t_video_hub_item
-- ----------------------------
DROP TABLE IF EXISTS `t_video_hub_item`;
CREATE TABLE `t_video_hub_item`  (
  `id` bigint(20) NOT NULL AUTO_INCREMENT COMMENT '主键ID',
  `title` varchar(255) CHARACTER SET utf8mb4 COLLATE utf8mb4_general_ci NOT NULL COMMENT '视频标题',
  `subtitle` varchar(512) CHARACTER SET utf8mb4 COLLATE utf8mb4_general_ci NULL DEFAULT NULL COMMENT '视频副标题',
  `description` varchar(2000) CHARACTER SET utf8mb4 COLLATE utf8mb4_general_ci NULL DEFAULT NULL COMMENT '视频描述',
  `cover_image` varchar(1024) CHARACTER SET utf8mb4 COLLATE utf8mb4_general_ci NOT NULL COMMENT '封面图',
  `video_url` varchar(2048) CHARACTER SET utf8mb4 COLLATE utf8mb4_general_ci NOT NULL COMMENT '外部视频链接',
  `platform` varchar(64) CHARACTER SET utf8mb4 COLLATE utf8mb4_general_ci NOT NULL COMMENT '平台来源',
  `league_name` varchar(128) CHARACTER SET utf8mb4 COLLATE utf8mb4_general_ci NULL DEFAULT NULL COMMENT '联赛名称',
  `home_team_name` varchar(128) CHARACTER SET utf8mb4 COLLATE utf8mb4_general_ci NULL DEFAULT NULL COMMENT '主队',
  `away_team_name` varchar(128) CHARACTER SET utf8mb4 COLLATE utf8mb4_general_ci NULL DEFAULT NULL COMMENT '客队',
  `match_time` datetime NULL DEFAULT NULL COMMENT '比赛时间',
  `video_type` varchar(64) CHARACTER SET utf8mb4 COLLATE utf8mb4_general_ci NOT NULL DEFAULT 'HIGHLIGHT' COMMENT '类型:HIGHLIGHT/REPLAY/INTERVIEW/OTHER',
  `is_hot` tinyint(4) NOT NULL DEFAULT 0 COMMENT '是否热门',
  `is_featured` tinyint(4) NOT NULL DEFAULT 0 COMMENT '是否推荐',
  `sort_order` int(11) NOT NULL DEFAULT 0 COMMENT '排序',
  `status` varchar(32) CHARACTER SET utf8mb4 COLLATE utf8mb4_general_ci NOT NULL DEFAULT 'PUBLISHED' COMMENT '状态:PUBLISHED/DRAFT/HIDDEN',
  `created_by` bigint(20) NULL DEFAULT NULL COMMENT '创建人',
  `updated_by` bigint(20) NULL DEFAULT NULL COMMENT '更新人',
  `created_at` datetime NOT NULL DEFAULT CURRENT_TIMESTAMP COMMENT '创建时间',
  `updated_at` datetime NOT NULL DEFAULT CURRENT_TIMESTAMP ON UPDATE CURRENT_TIMESTAMP COMMENT '更新时间',
  PRIMARY KEY (`id`) USING BTREE,
  INDEX `idx_status_sort`(`status`, `sort_order`, `created_at`) USING BTREE,
  INDEX `idx_league_name`(`league_name`) USING BTREE,
  INDEX `idx_platform`(`platform`) USING BTREE,
  INDEX `idx_video_type`(`video_type`) USING BTREE
) ENGINE = InnoDB AUTO_INCREMENT = 9 CHARACTER SET = utf8mb4 COLLATE = utf8mb4_general_ci COMMENT = '视频聚合内容表' ROW_FORMAT = Dynamic;

-- ----------------------------
-- Records of t_video_hub_item
-- ----------------------------
INSERT INTO `t_video_hub_item` VALUES (1, '曼城 vs 利物浦 - 经典对决集锦', '英超焦点战回顾', '收录双方比赛中的关键进球、精彩扑救与战术瞬间，适合赛后回看。', 'https://images.unsplash.com/photo-1518091043644-c1d4457512c6?auto=format&fit=crop&w=1200&q=80', 'https://www.youtube.com/', 'YouTube', '英超', '曼城', '利物浦', '2024-11-10 20:00:00', 'HIGHLIGHT', 1, 1, 100, 'PUBLISHED', 1, 1, '2026-05-30 14:48:31', '2026-05-30 14:48:31');
INSERT INTO `t_video_hub_item` VALUES (2, '皇马 vs 巴萨 - 国家德比回顾', '西甲德比集锦', '国家德比高光时刻与战术镜头回放，感受比赛节奏变化。', 'https://images.unsplash.com/photo-1522778119026-d647f0596c20?auto=format&fit=crop&w=1200&q=80', 'https://www.bilibili.com/', 'B站', '西甲', '皇马', '巴萨', '2024-10-26 21:00:00', 'REPLAY', 1, 1, 90, 'PUBLISHED', 1, 1, '2026-05-30 14:48:31', '2026-05-30 14:48:31');
INSERT INTO `t_video_hub_item` VALUES (3, '拜仁 vs 多特 - 德甲争冠关键战', '德甲焦点对话', '德甲强强对话精选片段，包含进攻配合与比赛节点。', 'https://images.unsplash.com/photo-1514911938617-5f0f8f07b4a9?auto=format&fit=crop&w=1200&q=80', 'https://sports.qq.com/', '腾讯体育', '德甲', '拜仁', '多特', '2024-09-14 19:30:00', 'HIGHLIGHT', 0, 1, 80, 'PUBLISHED', 1, 1, '2026-05-30 14:48:31', '2026-05-30 16:07:04');
INSERT INTO `t_video_hub_item` VALUES (4, '阿森纳 vs 热刺 - 北伦敦德比集锦', '英超德比大战', '德比战火爆对抗与进球瞬间，适合快速浏览精彩镜头。', 'https://images.unsplash.com/photo-1486286701208-1d58e9338013?auto=format&fit=crop&w=1200&q=80', 'https://www.youtube.com/', 'YouTube', '英超', '阿森纳', '热刺', '2024-08-31 18:30:00', 'HIGHLIGHT', 1, 0, 70, 'PUBLISHED', 1, 1, '2026-05-30 14:48:31', '2026-05-30 14:48:31');
INSERT INTO `t_video_hub_item` VALUES (5, '国米 vs AC米兰 - 米兰德比集锦', '意甲经典对决', '收录米兰德比中的进球与关键回合，适合赛后快速浏览。', 'https://images.unsplash.com/photo-1508098682722-e99c43a406b2?auto=format&fit=crop&w=1200&q=80', 'https://v.qq.com/', '腾讯视频', '意甲', '国际米兰', 'AC米兰', '2024-09-22 21:45:00', 'HIGHLIGHT', 0, 0, 60, 'PUBLISHED', 1, 1, '2026-05-30 14:48:31', '2026-05-30 14:48:31');
INSERT INTO `t_video_hub_item` VALUES (6, '日本 vs 韩国 - 亚洲杯回顾', '国家队赛事精选', '亚洲强队交锋集锦，突出比赛中的节奏变化和攻防转换。', 'https://images.unsplash.com/photo-1517466787929-bc90951d0974?auto=format&fit=crop&w=1200&q=80', 'https://www.youtube.com/', 'YouTube', '亚洲杯', '日本', '韩国', '2024-01-25 19:00:00', 'REPLAY', 0, 0, 50, 'PUBLISHED', 1, 1, '2026-05-30 14:48:31', '2026-05-30 14:48:31');
INSERT INTO `t_video_hub_item` VALUES (7, '曼联 vs 切尔西 - 赛后采访', '赛后访谈内容', '比赛结束后的球员与教练采访合集，适合深度了解比赛背景。', 'https://images.unsplash.com/photo-1574629810360-7efbbe195018?auto=format&fit=crop&w=1200&q=80', 'https://www.bilibili.com/', 'B站', '英超', '曼联', '切尔西', '2024-10-05 22:00:00', 'INTERVIEW', 0, 1, 85, 'DRAFT', 1, 1, '2026-05-30 14:48:31', '2026-05-30 14:48:31');

SET FOREIGN_KEY_CHECKS = 1;
